nohup: ignoring input
/root/miniconda3/lib/python3.10/site-packages/transformers/utils/hub.py:105: FutureWarning: Using `TRANSFORMERS_CACHE` is deprecated and will be removed in v5 of Transformers. Use `HF_HOME` instead.
  warnings.warn(
2025-12-21 23:35:51,476 - __main__ - INFO - Starting distillation pipeline...
2025-12-21 23:35:51,476 - __main__ - INFO - Configuration: distillation
2025-12-21 23:35:51,476 - src.distill - INFO - Starting distill_logits training...
2025-12-21 23:35:51,476 - src.distill - INFO - Project name: distillation
2025-12-21 23:35:51,476 - src.distill - INFO - Loading tokenizers: teacher=results_teacher, student=Qwen/Qwen3-0.6B
2025-12-21 23:35:54,134 - src.distill - INFO - Loading train dataset...
2025-12-21 23:35:54,134 - src.data_processing - INFO - Loading train split from cache: ./dataset_cache/QuixiAI_leet10k-alpaca_train
2025-12-21 23:35:54,139 - src.distill - INFO - Train dataset loaded with 3600 samples
2025-12-21 23:35:54,139 - src.distill - INFO - Loading test dataset...
2025-12-21 23:35:54,139 - src.data_processing - INFO - Loading test split from cache: ./dataset_cache/QuixiAI_leet10k-alpaca_test
2025-12-21 23:35:54,142 - src.distill - INFO - Test dataset loaded with 400 samples
2025-12-21 23:35:54,142 - src.distill - INFO - Loading models...
2025-12-21 23:35:54,564 - accelerate.utils.modeling - INFO - We will use 90% of the memory on device 0 for storing the model, and 10% for the buffer to avoid OOM. You can set `max_memory` in to a higher value to use more memory (at your own risk).
2025-12-21 23:35:58,709 - accelerate.utils.modeling - INFO - We will use 90% of the memory on device 0 for storing the model, and 10% for the buffer to avoid OOM. You can set `max_memory` in to a higher value to use more memory (at your own risk).
2025-12-21 23:36:01,595 - src.distill - INFO - Models loaded successfully
2025-12-21 23:36:01,595 - src.distill - INFO - Spectrum configuration not found. All layers of the student model will be trainable.
2025-12-21 23:36:01,595 - src.distill - INFO - Creating multi-layer adaptation layer for hidden state distillation...
2025-12-21 23:36:01,948 - src.distill - INFO - Adaptation layer created with 28 projections
2025-12-21 23:36:01,949 - src.data_processing - INFO - ================================================================================
2025-12-21 23:36:01,949 - src.data_processing - INFO - RUNNING ENHANCED SANITY CHECK ON DATASET (EOS FOCUSED)
2025-12-21 23:36:01,949 - src.data_processing - INFO - ================================================================================
2025-12-21 23:36:01,952 - src.data_processing - INFO - 
--- Sample 0 ---
2025-12-21 23:36:01,952 - src.data_processing - INFO - FULL INPUT:
2025-12-21 23:36:01,952 - src.data_processing - INFO - <|im_start|>system
You are a helpful assistant. /no_think<|im_end|><|im_start|>user
Solve the following problem in python, and explain your solution.
LeetCode 1374: Generate a String With Characters That Have Odd Counts
generate-a-string-with-characters-that-have-odd-counts
Given an integer `n`, _return a string with `n` characters such that each character in such string occurs **an odd number of times**_.

The returned string must contain only lowercase English letters. If there are multiples valid strings, return **any** of them.

**Example 1:**

**Input:** n = 4
**Output:**  "pppz "
**Explanation:**  "pppz " is a valid string since the character 'p' occurs three times and the character 'z' occurs once. Note that there are many other valid strings such as  "ohhh " and  "love ".

**Example 2:**

**Input:** n = 2
**Output:**  "xy "
**Explanation:**  "xy " is a valid string since the characters 'x' and 'y' occur once. Note that there are many other valid strings such as  "ag " and  "ur ".

**Example 3:**

**Input:** n = 7
**Output:**  "holasss "

**Constraints:**

*   `1 <= n <= 500`<|im_end|><|im_start|>assistant
```python
def generateTheString(n: int) -> str:
    result = 'a' * n
    if n % 2 == 0:
        result = result[:-1] + 'b'
    return result
```


Explanation:
The algorithm to solve this problem is straightforward. We initialize the result with a single character (lowercase 'a') repeated `n` times. If the given integer `n` is even, replace the last character with a different character (lowercase 'b') to make sure that each character occurrence is odd. The resulting string contains each character an odd number of times, satisfying the problem's constraints.<|im_end|>
2025-12-21 23:36:01,952 - src.data_processing - INFO - ✅ <|im_end|> is supervised
2025-12-21 23:36:01,952 - src.data_processing - INFO - ✅ EOS token is supervised
2025-12-21 23:36:01,952 - src.data_processing - INFO - ✅ Sample passed EOS sanity check
2025-12-21 23:36:01,953 - src.data_processing - INFO - 
--- Sample 1 ---
2025-12-21 23:36:01,953 - src.data_processing - INFO - FULL INPUT:
2025-12-21 23:36:01,953 - src.data_processing - INFO - <|im_start|>system
You are a helpful assistant. /no_think<|im_end|><|im_start|>user
Solve the following problem in java, and explain your solution.
LeetCode 1131: Maximum of Absolute Value Expression
maximum-of-absolute-value-expression
Given two arrays of integers with equal lengths, return the maximum value of:

`|arr1[i] - arr1[j]| + |arr2[i] - arr2[j]| + |i - j|`

where the maximum is taken over all `0 <= i, j < arr1.length`.

**Example 1:**

**Input:** arr1 = \[1,2,3,4\], arr2 = \[-1,4,5,6\]
**Output:** 13

**Example 2:**

**Input:** arr1 = \[1,-2,-5,0,10\], arr2 = \[0,-2,-1,-7,-4\]
**Output:** 20

**Constraints:**

*   `2 <= arr1.length == arr2.length <= 40000`
*   `-10^6 <= arr1[i], arr2[i] <= 10^6`<|im_end|><|im_start|>assistant
```java
public int maxAbsValExpr(int[] arr1, int[] arr2) {
    int result = 0;
    int[] max_sum = new int[]{Integer.MIN_VALUE, Integer.MIN_VALUE, Integer.MIN_VALUE, Integer.MIN_VALUE};

    for (int i = 0; i < arr1.length; ++i) {
        max_sum[0] = Math.max(max_sum[0], arr1[i] + arr2[i] + i);
        max_sum[1] = Math.max(max_sum[1], arr1[i] - arr2[i] + i);
        max_sum[2] = Math.max(max_sum[2], -arr1[i] + arr2[i] + i);
        max_sum[3] = Math.max(max_sum[3], -arr1[i] - arr2[i] + i);
    }

    for (int i = 0; i < arr1.length; ++i) {
        result = Math.max(result, max_sum[0] - arr1[i] - arr2[i] - i);
        result = Math.max(result, max_sum[1] - arr1[i] + arr2[i] - i);
        result = Math.max(result, max_sum[2] + arr1[i] - arr2[i] - i);
        result = Math.max(result, max_sum[3] + arr1[i] + arr2[i] - i);
    }

    return result;
}
```


Explanation:
The problem asks to find the maximum value of the given expression, and since we have the absolute values involved, we can simplify this expression using 4 different combinations. These combinations are formed by considering both positive and negative variations of `arr1` and `arr2` components in the expression. So, we calculate the maximum values of these 4 expressions for the whole range of indices.

Now, for each index, we take the difference of the calculated max values and the newly calculated expressions. After this step, we find the maximum of these 4 differences and update the result variable, which ultimately gives the required result after iterating through the entire index range.<|im_end|>
2025-12-21 23:36:01,953 - src.data_processing - INFO - ✅ <|im_end|> is supervised
2025-12-21 23:36:01,953 - src.data_processing - INFO - ✅ EOS token is supervised
2025-12-21 23:36:01,954 - src.data_processing - INFO - ✅ Sample passed EOS sanity check
2025-12-21 23:36:01,955 - src.data_processing - INFO - 
--- Sample 2 ---
2025-12-21 23:36:01,955 - src.data_processing - INFO - FULL INPUT:
2025-12-21 23:36:01,955 - src.data_processing - INFO - <|im_start|>system
You are a helpful assistant. /no_think<|im_end|><|im_start|>user
Solve the following problem in javascript, and explain your solution.
LeetCode 1957: Delete Characters to Make Fancy String
delete-characters-to-make-fancy-string
A **fancy string** is a string where no **three** **consecutive** characters are equal.

Given a string `s`, delete the **minimum** possible number of characters from `s` to make it **fancy**.

Return _the final string after the deletion_. It can be shown that the answer will always be **unique**.

**Example 1:**

**Input:** s =  "leeetcode "
**Output:**  "leetcode "
**Explanation:**
Remove an 'e' from the first group of 'e's to create  "leetcode ".
No three consecutive characters are equal, so return  "leetcode ".

**Example 2:**

**Input:** s =  "aaabaaaa "
**Output:**  "aabaa "
**Explanation:**
Remove an 'a' from the first group of 'a's to create  "aabaaaa ".
Remove two 'a's from the second group of 'a's to create  "aabaa ".
No three consecutive characters are equal, so return  "aabaa ".

**Example 3:**

**Input:** s =  "aab "
**Output:**  "aab "
**Explanation:** No three consecutive characters are equal, so return  "aab ".

**Constraints:**

*   `1 <= s.length <= 105`
*   `s` consists only of lowercase English letters.<|im_end|><|im_start|>assistant
```javascript
function smallest_difference_room(rooms, queries) {
    const n = rooms.length;
    const k = queries.length;
    rooms.sort((a, b) => a[0] - b[0]);
    const results = [];

    for (let i = 0; i < k; i++) {
        const [preferred, minSize] = queries[i];
        let diff = Infinity;
        let room_idx = -1;

        for (let j = 0; j < n; j++) {
            if (rooms[j][1] >= minSize) {
                const tmp_diff = Math.abs(preferred - rooms[j][0]);
                if (tmp_diff < diff) {
                    diff = tmp_diff;
                    room_idx = rooms[j][0];
                }
            }
        }
        results.push(room_idx);
    }
    return results;
}
```


Explanation:
1. Sort the input `rooms` based on the `roomId`.
2. Iterate through the `queries` array.
3. For each query, initialize `diff` as the maximum possible value and `room_idx` as -1.
4. Iterate through the `rooms` array, and for each room, check if its size is greater or equal to the minSize of the current query.
5. If it is, calculate the absolute difference between the preferred room number and the current room number.
6. If this absolute difference is less than the current minimum `diff`, update `diff` and `room_idx` accordingly.
7. Once all rooms have been processed for a given query, append `room_idx` to the `results` array.
8. Repeat this process for all queries and return the `results` array. The result array will have the same length as the number of queries and contains the answers for all queries as required.<|im_end|>
2025-12-21 23:36:01,955 - src.data_processing - INFO - ✅ <|im_end|> is supervised
2025-12-21 23:36:01,955 - src.data_processing - INFO - ✅ EOS token is supervised
2025-12-21 23:36:01,955 - src.data_processing - INFO - ✅ Sample passed EOS sanity check
2025-12-21 23:36:01,955 - src.data_processing - INFO - 🎉 ALL SANITY CHECKS PASSED
2025-12-21 23:36:01,955 - src.data_processing - INFO - ================================================================================
2025-12-21 23:36:01,955 - src.distill - INFO - Setting up training arguments...
Using the `WANDB_DISABLED` environment variable is deprecated and will be removed in v5. Use the --report_to flag to control the integrations used for logging result (for instance --report_to none).
2025-12-21 23:36:02,033 - src.distill - INFO - Creating trainer...
2025-12-21 23:36:02,099 - src.distill - INFO - Added periodic test callback (every 600 steps)
2025-12-21 23:36:02,099 - src.distill - INFO - Starting training...


  0%|          | 0/1350 [00:00<?, ?it/s]

{'loss_kd_logits': 2.340745449066162, 'loss_kd_hidden': 2.0, 'loss_ce': 1.68580162525177, 'epoch': 0}
{'loss_kd_logits': 2.59391188621521, 'loss_kd_hidden': 2.0, 'loss_ce': 1.63515043258667, 'epoch': 0}
{'loss_kd_logits': 2.902864694595337, 'loss_kd_hidden': 2.0, 'loss_ce': 1.8929471969604492, 'epoch': 0}
{'loss_kd_logits': 2.1558079719543457, 'loss_kd_hidden': 2.0, 'loss_ce': 1.3389885425567627, 'epoch': 0}
{'loss_kd_logits': 1.963171124458313, 'loss_kd_hidden': 2.0, 'loss_ce': 1.480584740638733, 'epoch': 0}
{'loss_kd_logits': 2.4961814880371094, 'loss_kd_hidden': 2.0, 'loss_ce': 1.6597980260849, 'epoch': 0}
{'loss_kd_logits': 2.7010321617126465, 'loss_kd_hidden': 2.0, 'loss_ce': 1.6876076459884644, 'epoch': 0}
{'loss_kd_logits': 2.0360257625579834, 'loss_kd_hidden': 2.0, 'loss_ce': 1.5981651544570923, 'epoch': 0}
{'loss': 20.0844, 'grad_norm': 151.0, 'learning_rate': 0.0, 'epoch': 0.0}
{'loss': 21.3499, 'grad_norm': 158.0, 'learning_rate': 1.4814814814814817e-07, 'epoch': 0.0}
{'loss': 22.4124, 'grad_norm': 155.0, 'learning_rate': 2.9629629629629634e-07, 'epoch': 0.01}
{'loss': 20.8321, 'grad_norm': 148.0, 'learning_rate': 4.444444444444445e-07, 'epoch': 0.01}
{'loss': 21.1238, 'grad_norm': 148.0, 'learning_rate': 5.925925925925927e-07, 'epoch': 0.01}
{'loss': 19.7299, 'grad_norm': 192.0, 'learning_rate': 7.407407407407407e-07, 'epoch': 0.01}
{'loss': 19.9158, 'grad_norm': 153.0, 'learning_rate': 8.88888888888889e-07, 'epoch': 0.02}
{'loss': 19.6153, 'grad_norm': 132.0, 'learning_rate': 1.0370370370370371e-06, 'epoch': 0.02}
{'loss': 20.7442, 'grad_norm': 158.0, 'learning_rate': 1.1851851851851854e-06, 'epoch': 0.02}
{'loss': 20.4699, 'grad_norm': 180.0, 'learning_rate': 1.3333333333333334e-06, 'epoch': 0.02}
{'loss': 20.8558, 'grad_norm': 156.0, 'learning_rate': 1.4814814814814815e-06, 'epoch': 0.02}
{'loss': 20.6581, 'grad_norm': 135.0, 'learning_rate': 1.62962962962963e-06, 'epoch': 0.03}
{'loss': 19.8634, 'grad_norm': 156.0, 'learning_rate': 1.777777777777778e-06, 'epoch': 0.03}
{'loss': 19.1087, 'grad_norm': 135.0, 'learning_rate': 1.925925925925926e-06, 'epoch': 0.03}
{'loss': 19.806, 'grad_norm': 141.0, 'learning_rate': 2.0740740740740742e-06, 'epoch': 0.03}
{'loss': 19.6736, 'grad_norm': 130.0, 'learning_rate': 2.222222222222222e-06, 'epoch': 0.04}
{'loss': 20.1911, 'grad_norm': 131.0, 'learning_rate': 2.3703703703703707e-06, 'epoch': 0.04}
{'loss': 19.363, 'grad_norm': 135.0, 'learning_rate': 2.5185185185185186e-06, 'epoch': 0.04}
{'loss': 19.8581, 'grad_norm': 133.0, 'learning_rate': 2.666666666666667e-06, 'epoch': 0.04}
{'loss': 19.2544, 'grad_norm': 116.0, 'learning_rate': 2.814814814814815e-06, 'epoch': 0.04}
{'loss': 20.4491, 'grad_norm': 131.0, 'learning_rate': 2.962962962962963e-06, 'epoch': 0.05}
{'loss': 19.199, 'grad_norm': 120.0, 'learning_rate': 3.1111111111111116e-06, 'epoch': 0.05}
{'loss': 20.1708, 'grad_norm': 123.0, 'learning_rate': 3.25925925925926e-06, 'epoch': 0.05}
{'loss': 18.584, 'grad_norm': 101.5, 'learning_rate': 3.4074074074074077e-06, 'epoch': 0.05}
{'loss': 19.0368, 'grad_norm': 121.0, 'learning_rate': 3.555555555555556e-06, 'epoch': 0.06}
{'loss': 19.7149, 'grad_norm': 113.0, 'learning_rate': 3.7037037037037037e-06, 'epoch': 0.06}
{'loss': 18.4839, 'grad_norm': 105.0, 'learning_rate': 3.851851851851852e-06, 'epoch': 0.06}
{'loss': 20.7552, 'grad_norm': 118.0, 'learning_rate': 4.000000000000001e-06, 'epoch': 0.06}
{'loss': 17.1637, 'grad_norm': 94.5, 'learning_rate': 4.1481481481481485e-06, 'epoch': 0.06}
{'loss': 18.7181, 'grad_norm': 93.5, 'learning_rate': 4.296296296296296e-06, 'epoch': 0.07}
{'loss': 18.3812, 'grad_norm': 87.5, 'learning_rate': 4.444444444444444e-06, 'epoch': 0.07}
{'loss': 18.5807, 'grad_norm': 89.0, 'learning_rate': 4.592592592592593e-06, 'epoch': 0.07}
{'loss': 18.3889, 'grad_norm': 102.0, 'learning_rate': 4.7407407407407415e-06, 'epoch': 0.07}
{'loss': 19.0212, 'grad_norm': 92.5, 'learning_rate': 4.888888888888889e-06, 'epoch': 0.08}
{'loss': 18.1265, 'grad_norm': 92.5, 'learning_rate': 5.037037037037037e-06, 'epoch': 0.08}
{'loss': 18.4248, 'grad_norm': 78.0, 'learning_rate': 5.185185185185185e-06, 'epoch': 0.08}
{'loss': 17.6719, 'grad_norm': 75.0, 'learning_rate': 5.333333333333334e-06, 'epoch': 0.08}
{'loss': 18.1118, 'grad_norm': 78.0, 'learning_rate': 5.481481481481482e-06, 'epoch': 0.08}
{'loss': 17.3671, 'grad_norm': 74.0, 'learning_rate': 5.62962962962963e-06, 'epoch': 0.09}
{'loss': 18.303, 'grad_norm': 87.0, 'learning_rate': 5.777777777777778e-06, 'epoch': 0.09}
{'loss': 16.6054, 'grad_norm': 59.5, 'learning_rate': 5.925925925925926e-06, 'epoch': 0.09}
{'loss': 16.977, 'grad_norm': 61.5, 'learning_rate': 6.0740740740740745e-06, 'epoch': 0.09}
{'loss': 17.1787, 'grad_norm': 74.5, 'learning_rate': 6.222222222222223e-06, 'epoch': 0.1}
{'loss': 17.1762, 'grad_norm': 71.5, 'learning_rate': 6.370370370370371e-06, 'epoch': 0.1}
{'loss': 17.6458, 'grad_norm': 62.25, 'learning_rate': 6.51851851851852e-06, 'epoch': 0.1}
{'loss': 17.8969, 'grad_norm': 60.5, 'learning_rate': 6.666666666666667e-06, 'epoch': 0.1}
{'loss': 16.6683, 'grad_norm': 73.0, 'learning_rate': 6.814814814814815e-06, 'epoch': 0.1}
{'loss': 16.3234, 'grad_norm': 56.5, 'learning_rate': 6.962962962962964e-06, 'epoch': 0.11}
{'loss': 16.4642, 'grad_norm': 56.0, 'learning_rate': 7.111111111111112e-06, 'epoch': 0.11}
{'loss': 16.1516, 'grad_norm': 60.25, 'learning_rate': 7.2592592592592605e-06, 'epoch': 0.11}
{'loss_kd_logits': 1.8315435647964478, 'loss_kd_hidden': 2.0, 'loss_ce': 1.2393317222595215, 'epoch': 0.11}
{'loss_kd_logits': 1.7310925722122192, 'loss_kd_hidden': 2.0, 'loss_ce': 1.1301512718200684, 'epoch': 0.11}
{'loss_kd_logits': 1.8463265895843506, 'loss_kd_hidden': 2.0, 'loss_ce': 1.087764024734497, 'epoch': 0.11}
{'loss_kd_logits': 1.9005769491195679, 'loss_kd_hidden': 2.0, 'loss_ce': 1.433807611465454, 'epoch': 0.11}
{'loss_kd_logits': 1.8475542068481445, 'loss_kd_hidden': 2.0, 'loss_ce': 1.2654038667678833, 'epoch': 0.11}
{'loss_kd_logits': 1.5583524703979492, 'loss_kd_hidden': 2.0, 'loss_ce': 0.9551662802696228, 'epoch': 0.11}
{'loss_kd_logits': 1.3773887157440186, 'loss_kd_hidden': 2.0, 'loss_ce': 1.1053436994552612, 'epoch': 0.11}
{'loss_kd_logits': 1.7611433267593384, 'loss_kd_hidden': 2.0, 'loss_ce': 1.4304649829864502, 'epoch': 0.11}
{'loss': 15.7507, 'grad_norm': 50.75, 'learning_rate': 7.4074074074074075e-06, 'epoch': 0.11}
{'loss': 15.6822, 'grad_norm': 47.75, 'learning_rate': 7.555555555555556e-06, 'epoch': 0.12}
{'loss': 15.6357, 'grad_norm': 42.5, 'learning_rate': 7.703703703703704e-06, 'epoch': 0.12}
{'loss': 15.9643, 'grad_norm': 47.75, 'learning_rate': 7.851851851851853e-06, 'epoch': 0.12}
{'loss': 15.0896, 'grad_norm': 48.0, 'learning_rate': 8.000000000000001e-06, 'epoch': 0.12}
{'loss': 15.5656, 'grad_norm': 52.25, 'learning_rate': 8.148148148148148e-06, 'epoch': 0.12}
{'loss': 15.183, 'grad_norm': 51.5, 'learning_rate': 8.296296296296297e-06, 'epoch': 0.13}
{'loss': 15.2626, 'grad_norm': 49.0, 'learning_rate': 8.444444444444446e-06, 'epoch': 0.13}
{'loss': 17.0729, 'grad_norm': 134.0, 'learning_rate': 8.592592592592593e-06, 'epoch': 0.13}
{'loss': 15.2671, 'grad_norm': 41.25, 'learning_rate': 8.740740740740741e-06, 'epoch': 0.13}
{'loss': 15.6815, 'grad_norm': 37.5, 'learning_rate': 8.888888888888888e-06, 'epoch': 0.14}
{'loss': 15.2153, 'grad_norm': 58.0, 'learning_rate': 9.037037037037037e-06, 'epoch': 0.14}
{'loss': 15.8376, 'grad_norm': 60.75, 'learning_rate': 9.185185185185186e-06, 'epoch': 0.14}
{'loss': 14.8518, 'grad_norm': 49.5, 'learning_rate': 9.333333333333334e-06, 'epoch': 0.14}
{'loss': 15.7501, 'grad_norm': 68.0, 'learning_rate': 9.481481481481483e-06, 'epoch': 0.14}
{'loss': 14.5636, 'grad_norm': 70.5, 'learning_rate': 9.62962962962963e-06, 'epoch': 0.15}
{'loss': 15.4818, 'grad_norm': 59.25, 'learning_rate': 9.777777777777779e-06, 'epoch': 0.15}
{'loss': 15.0719, 'grad_norm': 40.25, 'learning_rate': 9.925925925925927e-06, 'epoch': 0.15}
{'loss': 15.1987, 'grad_norm': 47.75, 'learning_rate': 1.0074074074074074e-05, 'epoch': 0.15}
{'loss': 15.3241, 'grad_norm': 41.25, 'learning_rate': 1.0222222222222223e-05, 'epoch': 0.16}

  5%|▌         | 71/1350 [01:41<28:53,  1.36s/it]
                                                  
{'loss': 14.5239, 'grad_norm': 43.5, 'learning_rate': 1.037037037037037e-05, 'epoch': 0.16}
{'loss': 14.2274, 'grad_norm': 35.5, 'learning_rate': 1.0518518518518519e-05, 'epoch': 0.16}
{'loss': 14.4248, 'grad_norm': 34.5, 'learning_rate': 1.0666666666666667e-05, 'epoch': 0.16}
{'loss': 14.3704, 'grad_norm': 43.0, 'learning_rate': 1.0814814814814816e-05, 'epoch': 0.16}
{'loss': 15.1679, 'grad_norm': 49.25, 'learning_rate': 1.0962962962962965e-05, 'epoch': 0.17}
{'loss': 14.1115, 'grad_norm': 35.25, 'learning_rate': 1.1111111111111113e-05, 'epoch': 0.17}
{'loss': 14.5225, 'grad_norm': 40.25, 'learning_rate': 1.125925925925926e-05, 'epoch': 0.17}
{'loss': 14.6013, 'grad_norm': 54.25, 'learning_rate': 1.1407407407407409e-05, 'epoch': 0.17}
{'loss': 14.324, 'grad_norm': 53.75, 'learning_rate': 1.1555555555555556e-05, 'epoch': 0.18}
{'loss': 13.8456, 'grad_norm': 33.0, 'learning_rate': 1.1703703703703703e-05, 'epoch': 0.18}
{'loss': 14.3735, 'grad_norm': 36.25, 'learning_rate': 1.1851851851851852e-05, 'epoch': 0.18}
{'loss': 14.4994, 'grad_norm': 48.25, 'learning_rate': 1.2e-05, 'epoch': 0.18}
{'loss': 14.7332, 'grad_norm': 44.0, 'learning_rate': 1.2148148148148149e-05, 'epoch': 0.18}
{'loss': 13.4055, 'grad_norm': 29.75, 'learning_rate': 1.2296296296296298e-05, 'epoch': 0.19}
{'loss': 14.0176, 'grad_norm': 36.0, 'learning_rate': 1.2444444444444446e-05, 'epoch': 0.19}
{'loss': 14.0079, 'grad_norm': 31.0, 'learning_rate': 1.2592592592592593e-05, 'epoch': 0.19}
{'loss': 13.2056, 'grad_norm': 34.5, 'learning_rate': 1.2740740740740742e-05, 'epoch': 0.19}
{'loss': 13.5121, 'grad_norm': 33.0, 'learning_rate': 1.288888888888889e-05, 'epoch': 0.2}
{'loss': 14.7083, 'grad_norm': 31.375, 'learning_rate': 1.303703703703704e-05, 'epoch': 0.2}
{'loss': 13.5728, 'grad_norm': 26.625, 'learning_rate': 1.3185185185185185e-05, 'epoch': 0.2}
{'loss': 13.5101, 'grad_norm': 42.0, 'learning_rate': 1.3333333333333333e-05, 'epoch': 0.2}
{'loss': 14.2602, 'grad_norm': 38.0, 'learning_rate': 1.3481481481481482e-05, 'epoch': 0.2}
{'loss': 13.6379, 'grad_norm': 37.5, 'learning_rate': 1.362962962962963e-05, 'epoch': 0.21}
{'loss': 13.7172, 'grad_norm': 31.125, 'learning_rate': 1.377777777777778e-05, 'epoch': 0.21}
{'loss': 14.4266, 'grad_norm': 29.0, 'learning_rate': 1.3925925925925928e-05, 'epoch': 0.21}
{'loss': 13.5685, 'grad_norm': 36.5, 'learning_rate': 1.4074074074074075e-05, 'epoch': 0.21}
{'loss': 13.014, 'grad_norm': 40.25, 'learning_rate': 1.4222222222222224e-05, 'epoch': 0.22}
{'loss': 13.1654, 'grad_norm': 36.75, 'learning_rate': 1.4370370370370372e-05, 'epoch': 0.22}
{'loss': 13.688, 'grad_norm': 34.25, 'learning_rate': 1.4518518518518521e-05, 'epoch': 0.22}
{'loss': 13.5979, 'grad_norm': 28.375, 'learning_rate': 1.4666666666666666e-05, 'epoch': 0.22}
{'loss_kd_logits': 1.7483794689178467, 'loss_kd_hidden': 1.9921875, 'loss_ce': 0.7042866349220276, 'epoch': 0.22}
{'loss_kd_logits': 1.0865567922592163, 'loss_kd_hidden': 1.9921875, 'loss_ce': 0.8095153570175171, 'epoch': 0.22}
{'loss_kd_logits': 1.1875804662704468, 'loss_kd_hidden': 1.9921875, 'loss_ce': 1.156973123550415, 'epoch': 0.22}
{'loss_kd_logits': 1.442109227180481, 'loss_kd_hidden': 1.9921875, 'loss_ce': 0.9440591335296631, 'epoch': 0.22}
{'loss_kd_logits': 1.1050574779510498, 'loss_kd_hidden': 1.9921875, 'loss_ce': 0.7266469597816467, 'epoch': 0.22}
{'loss_kd_logits': 1.2637699842453003, 'loss_kd_hidden': 1.9921875, 'loss_ce': 1.0265583992004395, 'epoch': 0.22}
{'loss_kd_logits': 1.704322338104248, 'loss_kd_hidden': 1.9921875, 'loss_ce': 0.8876491785049438, 'epoch': 0.22}
{'loss_kd_logits': 1.1741787195205688, 'loss_kd_hidden': 1.9921875, 'loss_ce': 0.8598182797431946, 'epoch': 0.22}
{'loss': 12.8981, 'grad_norm': 32.0, 'learning_rate': 1.4814814814814815e-05, 'epoch': 0.22}
{'loss': 14.2888, 'grad_norm': 37.5, 'learning_rate': 1.4962962962962964e-05, 'epoch': 0.23}
{'loss': 12.3893, 'grad_norm': 23.875, 'learning_rate': 1.5111111111111112e-05, 'epoch': 0.23}
{'loss': 12.3888, 'grad_norm': 27.875, 'learning_rate': 1.525925925925926e-05, 'epoch': 0.23}
{'loss': 13.9462, 'grad_norm': 35.0, 'learning_rate': 1.5407407407407408e-05, 'epoch': 0.23}
{'loss': 12.9064, 'grad_norm': 33.75, 'learning_rate': 1.555555555555556e-05, 'epoch': 0.24}
{'loss': 12.2414, 'grad_norm': 25.0, 'learning_rate': 1.5703703703703705e-05, 'epoch': 0.24}
{'loss': 13.2986, 'grad_norm': 36.25, 'learning_rate': 1.5851851851851852e-05, 'epoch': 0.24}
{'loss': 14.3132, 'grad_norm': 32.25, 'learning_rate': 1.6000000000000003e-05, 'epoch': 0.24}
{'loss': 13.546, 'grad_norm': 47.75, 'learning_rate': 1.614814814814815e-05, 'epoch': 0.24}
{'loss': 13.0376, 'grad_norm': 34.5, 'learning_rate': 1.6296296296296297e-05, 'epoch': 0.25}
{'loss': 13.0585, 'grad_norm': 27.375, 'learning_rate': 1.6444444444444444e-05, 'epoch': 0.25}
{'loss': 13.0493, 'grad_norm': 37.25, 'learning_rate': 1.6592592592592594e-05, 'epoch': 0.25}
{'loss': 13.687, 'grad_norm': 37.25, 'learning_rate': 1.674074074074074e-05, 'epoch': 0.25}
{'loss': 12.8504, 'grad_norm': 33.5, 'learning_rate': 1.688888888888889e-05, 'epoch': 0.26}
{'loss': 13.6793, 'grad_norm': 29.125, 'learning_rate': 1.7037037037037038e-05, 'epoch': 0.26}
{'loss': 13.534, 'grad_norm': 29.25, 'learning_rate': 1.7185185185185185e-05, 'epoch': 0.26}
{'loss': 12.6283, 'grad_norm': 33.0, 'learning_rate': 1.7333333333333336e-05, 'epoch': 0.26}
{'loss': 12.6344, 'grad_norm': 26.25, 'learning_rate': 1.7481481481481483e-05, 'epoch': 0.26}
{'loss': 13.2179, 'grad_norm': 34.75, 'learning_rate': 1.7629629629629633e-05, 'epoch': 0.27}
{'loss': 13.3581, 'grad_norm': 25.625, 'learning_rate': 1.7777777777777777e-05, 'epoch': 0.27}
{'loss': 13.3432, 'grad_norm': 36.5, 'learning_rate': 1.7925925925925927e-05, 'epoch': 0.27}
{'loss': 13.7412, 'grad_norm': 50.5, 'learning_rate': 1.8074074074074074e-05, 'epoch': 0.27}
{'loss': 13.0843, 'grad_norm': 32.75, 'learning_rate': 1.8222222222222224e-05, 'epoch': 0.28}
{'loss': 13.1651, 'grad_norm': 33.5, 'learning_rate': 1.837037037037037e-05, 'epoch': 0.28}
{'loss': 12.7308, 'grad_norm': 37.25, 'learning_rate': 1.851851851851852e-05, 'epoch': 0.28}
{'loss': 13.0726, 'grad_norm': 35.75, 'learning_rate': 1.866666666666667e-05, 'epoch': 0.28}
{'loss': 12.6055, 'grad_norm': 32.75, 'learning_rate': 1.8814814814814816e-05, 'epoch': 0.28}
{'loss': 13.336, 'grad_norm': 43.5, 'learning_rate': 1.8962962962962966e-05, 'epoch': 0.29}
{'loss': 13.0058, 'grad_norm': 33.75, 'learning_rate': 1.9111111111111113e-05, 'epoch': 0.29}
{'loss': 12.5956, 'grad_norm': 51.5, 'learning_rate': 1.925925925925926e-05, 'epoch': 0.29}
{'loss': 12.841, 'grad_norm': 30.625, 'learning_rate': 1.9407407407407407e-05, 'epoch': 0.29}
{'loss': 13.1695, 'grad_norm': 52.5, 'learning_rate': 1.9555555555555557e-05, 'epoch': 0.3}
{'loss': 12.3985, 'grad_norm': 37.25, 'learning_rate': 1.9703703703703704e-05, 'epoch': 0.3}
{'loss': 13.5861, 'grad_norm': 28.625, 'learning_rate': 1.9851851851851855e-05, 'epoch': 0.3}
{'loss': 12.4572, 'grad_norm': 29.25, 'learning_rate': 2e-05, 'epoch': 0.3}
{'loss': 11.8786, 'grad_norm': 23.625, 'learning_rate': 1.999996657149519e-05, 'epoch': 0.3}
{'loss': 11.9889, 'grad_norm': 26.75, 'learning_rate': 1.999986628620426e-05, 'epoch': 0.31}
{'loss': 12.8557, 'grad_norm': 57.0, 'learning_rate': 1.999969914479768e-05, 'epoch': 0.31}
{'loss': 12.127, 'grad_norm': 24.25, 'learning_rate': 1.9999465148392906e-05, 'epoch': 0.31}
{'loss': 13.0749, 'grad_norm': 29.25, 'learning_rate': 1.9999164298554375e-05, 'epoch': 0.31}
{'loss': 13.3326, 'grad_norm': 32.75, 'learning_rate': 1.9998796597293477e-05, 'epoch': 0.32}
{'loss': 12.9132, 'grad_norm': 35.5, 'learning_rate': 1.9998362047068548e-05, 'epoch': 0.32}
{'loss': 13.2565, 'grad_norm': 29.125, 'learning_rate': 1.9997860650784867e-05, 'epoch': 0.32}
{'loss': 12.3221, 'grad_norm': 30.0, 'learning_rate': 1.999729241179462e-05, 'epoch': 0.32}
{'loss': 12.1019, 'grad_norm': 30.375, 'learning_rate': 1.9996657333896875e-05, 'epoch': 0.32}
{'loss': 12.6492, 'grad_norm': 46.0, 'learning_rate': 1.9995955421337583e-05, 'epoch': 0.33}
{'loss': 12.8446, 'grad_norm': 43.75, 'learning_rate': 1.9995186678809513e-05, 'epoch': 0.33}

 11%|█         | 149/1350 [03:33<27:48,  1.39s/it]
                                                  

 15%|█▍        | 200/1350 [04:46<28:30,  1.49s/it]2025-12-21 23:40:48,828 - src.distill - INFO - KD logits: 1.1805, KD hidden: 1.8828, CE: 0.7233

                                                  

 15%|█▍        | 200/1350 [04:46<28:30,  1.49s/it]2025-12-21 23:40:49,013 - src.distill - INFO - KD logits: 1.0449, KD hidden: 1.9297, CE: 0.9176

                                                  

 15%|█▍        | 200/1350 [04:46<28:30,  1.49s/it]2025-12-21 23:40:49,221 - src.distill - INFO - KD logits: 1.0296, KD hidden: 1.8984, CE: 0.8675

                                                  

 15%|█▍        | 200/1350 [04:47<28:30,  1.49s/it]2025-12-21 23:40:49,396 - src.distill - INFO - KD logits: 0.9806, KD hidden: 1.9297, CE: 0.6281

                                                  

 15%|█▍        | 200/1350 [04:47<28:30,  1.49s/it]2025-12-21 23:40:49,571 - src.distill - INFO - KD logits: 1.1247, KD hidden: 1.9219, CE: 1.1932

                                                  

 15%|█▍        | 200/1350 [04:47<28:30,  1.49s/it]2025-12-21 23:40:49,760 - src.distill - INFO - KD logits: 1.2099, KD hidden: 1.9141, CE: 0.5568

                                                  

 15%|█▍        | 200/1350 [04:47<28:30,  1.49s/it]2025-12-21 23:40:49,953 - src.distill - INFO - KD logits: 1.1226, KD hidden: 1.9297, CE: 0.9960

                                                  

 15%|█▍        | 200/1350 [04:47<28:30,  1.49s/it]2025-12-21 23:40:50,127 - src.distill - INFO - KD logits: 1.0588, KD hidden: 1.9141, CE: 0.7482
                                                  
{'loss': 13.8275, 'grad_norm': 38.25, 'learning_rate': 1.9994351111452252e-05, 'epoch': 0.33}
{'loss': 12.2263, 'grad_norm': 46.25, 'learning_rate': 1.999344872485215e-05, 'epoch': 0.33}
{'loss_kd_logits': 1.5889358520507812, 'loss_kd_hidden': 1.9765625, 'loss_ce': 0.9814044833183289, 'epoch': 0.33}
{'loss_kd_logits': 1.1830857992172241, 'loss_kd_hidden': 1.9453125, 'loss_ce': 0.7774178981781006, 'epoch': 0.33}
{'loss_kd_logits': 1.1326361894607544, 'loss_kd_hidden': 1.953125, 'loss_ce': 0.6386565566062927, 'epoch': 0.33}
{'loss_kd_logits': 1.1980578899383545, 'loss_kd_hidden': 1.9609375, 'loss_ce': 0.6885308623313904, 'epoch': 0.33}
{'loss_kd_logits': 1.6737440824508667, 'loss_kd_hidden': 1.9609375, 'loss_ce': 1.0796171426773071, 'epoch': 0.33}
{'loss_kd_logits': 1.383596658706665, 'loss_kd_hidden': 1.953125, 'loss_ce': 0.8067964315414429, 'epoch': 0.33}
{'loss_kd_logits': 1.5115420818328857, 'loss_kd_hidden': 1.953125, 'loss_ce': 1.0490734577178955, 'epoch': 0.33}
{'loss_kd_logits': 1.5455546379089355, 'loss_kd_hidden': 1.953125, 'loss_ce': 0.8265820145606995, 'epoch': 0.33}
{'loss': 12.9467, 'grad_norm': 42.0, 'learning_rate': 1.9992479525042305e-05, 'epoch': 0.34}
{'loss': 12.6198, 'grad_norm': 39.25, 'learning_rate': 1.999144351850248e-05, 'epoch': 0.34}
{'loss': 12.9963, 'grad_norm': 27.75, 'learning_rate': 1.999034071215912e-05, 'epoch': 0.34}
{'loss': 12.5964, 'grad_norm': 28.375, 'learning_rate': 1.998917111338525e-05, 'epoch': 0.34}
{'loss': 13.0629, 'grad_norm': 32.25, 'learning_rate': 1.9987934730000457e-05, 'epoch': 0.34}
{'loss': 12.9198, 'grad_norm': 70.5, 'learning_rate': 1.9986631570270835e-05, 'epoch': 0.35}
{'loss': 13.0897, 'grad_norm': 33.5, 'learning_rate': 1.9985261642908917e-05, 'epoch': 0.35}
{'loss': 12.9605, 'grad_norm': 65.0, 'learning_rate': 1.9983824957073632e-05, 'epoch': 0.35}
{'loss': 12.1928, 'grad_norm': 33.25, 'learning_rate': 1.998232152237023e-05, 'epoch': 0.35}
{'loss': 12.2097, 'grad_norm': 35.75, 'learning_rate': 1.998075134885022e-05, 'epoch': 0.36}
{'loss': 13.0149, 'grad_norm': 37.25, 'learning_rate': 1.9979114447011323e-05, 'epoch': 0.36}
{'loss': 11.8326, 'grad_norm': 71.0, 'learning_rate': 1.9977410827797365e-05, 'epoch': 0.36}
{'loss': 12.4651, 'grad_norm': 71.5, 'learning_rate': 1.9975640502598243e-05, 'epoch': 0.36}
{'loss': 13.0335, 'grad_norm': 31.875, 'learning_rate': 1.997380348324982e-05, 'epoch': 0.36}
{'loss': 12.6029, 'grad_norm': 25.375, 'learning_rate': 1.9971899782033853e-05, 'epoch': 0.37}
{'loss': 12.6086, 'grad_norm': 34.75, 'learning_rate': 1.996992941167792e-05, 'epoch': 0.37}
{'loss': 12.5916, 'grad_norm': 25.5, 'learning_rate': 1.9967892385355333e-05, 'epoch': 0.37}
{'loss': 12.1605, 'grad_norm': 43.5, 'learning_rate': 1.996578871668504e-05, 'epoch': 0.37}
{'loss': 11.6687, 'grad_norm': 27.875, 'learning_rate': 1.996361841973154e-05, 'epoch': 0.38}
{'loss': 12.5982, 'grad_norm': 40.5, 'learning_rate': 1.9961381509004785e-05, 'epoch': 0.38}
{'loss': 12.9244, 'grad_norm': 32.0, 'learning_rate': 1.9959077999460094e-05, 'epoch': 0.38}
{'loss': 12.6638, 'grad_norm': 27.625, 'learning_rate': 1.9956707906498046e-05, 'epoch': 0.38}
{'loss': 12.25, 'grad_norm': 24.125, 'learning_rate': 1.995427124596437e-05, 'epoch': 0.38}
{'loss': 12.0411, 'grad_norm': 26.125, 'learning_rate': 1.995176803414985e-05, 'epoch': 0.39}
{'loss': 12.0363, 'grad_norm': 34.25, 'learning_rate': 1.9949198287790215e-05, 'epoch': 0.39}
{'loss': 13.1112, 'grad_norm': 30.375, 'learning_rate': 1.9946562024066018e-05, 'epoch': 0.39}
{'loss': 13.0867, 'grad_norm': 32.5, 'learning_rate': 1.9943859260602526e-05, 'epoch': 0.39}
{'loss': 12.5454, 'grad_norm': 30.25, 'learning_rate': 1.9941090015469614e-05, 'epoch': 0.4}
{'loss': 11.7621, 'grad_norm': 22.125, 'learning_rate': 1.9938254307181627e-05, 'epoch': 0.4}
{'loss': 12.7495, 'grad_norm': 27.75, 'learning_rate': 1.9935352154697257e-05, 'epoch': 0.4}
{'loss': 12.1994, 'grad_norm': 23.75, 'learning_rate': 1.9932383577419432e-05, 'epoch': 0.4}
{'loss': 12.009, 'grad_norm': 29.375, 'learning_rate': 1.9929348595195172e-05, 'epoch': 0.4}
{'loss': 13.4876, 'grad_norm': 29.0, 'learning_rate': 1.9926247228315455e-05, 'epoch': 0.41}
{'loss': 12.2596, 'grad_norm': 33.75, 'learning_rate': 1.99230794975151e-05, 'epoch': 0.41}
{'loss': 12.3645, 'grad_norm': 36.25, 'learning_rate': 1.9919845423972603e-05, 'epoch': 0.41}
{'loss': 12.6482, 'grad_norm': 31.5, 'learning_rate': 1.991654502931001e-05, 'epoch': 0.41}
{'loss': 12.3946, 'grad_norm': 27.125, 'learning_rate': 1.9913178335592784e-05, 'epoch': 0.42}
{'loss': 11.8248, 'grad_norm': 38.25, 'learning_rate': 1.9909745365329623e-05, 'epoch': 0.42}
{'loss': 12.1182, 'grad_norm': 25.25, 'learning_rate': 1.990624614147234e-05, 'epoch': 0.42}
{'loss': 12.2804, 'grad_norm': 39.25, 'learning_rate': 1.9902680687415704e-05, 'epoch': 0.42}
{'loss': 11.8511, 'grad_norm': 34.5, 'learning_rate': 1.9899049026997272e-05, 'epoch': 0.42}
{'loss': 12.3244, 'grad_norm': 29.5, 'learning_rate': 1.989535118449724e-05, 'epoch': 0.43}
{'loss': 12.1719, 'grad_norm': 30.25, 'learning_rate': 1.9891587184638274e-05, 'epoch': 0.43}
{'loss': 12.648, 'grad_norm': 30.625, 'learning_rate': 1.9887757052585352e-05, 'epoch': 0.43}
{'loss': 12.6103, 'grad_norm': 48.25, 'learning_rate': 1.9883860813945596e-05, 'epoch': 0.43}
{'loss': 12.6264, 'grad_norm': 41.25, 'learning_rate': 1.9879898494768093e-05, 'epoch': 0.44}
{'loss': 12.4485, 'grad_norm': 35.75, 'learning_rate': 1.9875870121543717e-05, 'epoch': 0.44}
{'loss': 11.802, 'grad_norm': 27.0, 'learning_rate': 1.9871775721204973e-05, 'epoch': 0.44}
{'loss': 11.4696, 'grad_norm': 24.625, 'learning_rate': 1.9867615321125796e-05, 'epoch': 0.44}
{'loss': 12.2225, 'grad_norm': 41.5, 'learning_rate': 1.986338894912137e-05, 'epoch': 0.44}
{'loss_kd_logits': 1.180517315864563, 'loss_kd_hidden': 1.8828125, 'loss_ce': 0.7233214974403381, 'epoch': 0.44}
{'loss_kd_logits': 1.0449371337890625, 'loss_kd_hidden': 1.9296875, 'loss_ce': 0.9175658226013184, 'epoch': 0.44}
{'loss_kd_logits': 1.0295658111572266, 'loss_kd_hidden': 1.8984375, 'loss_ce': 0.8674708604812622, 'epoch': 0.44}
{'loss_kd_logits': 0.9806075692176819, 'loss_kd_hidden': 1.9296875, 'loss_ce': 0.6280732750892639, 'epoch': 0.44}
{'loss_kd_logits': 1.1246589422225952, 'loss_kd_hidden': 1.921875, 'loss_ce': 1.193152904510498, 'epoch': 0.44}
{'loss_kd_logits': 1.209911584854126, 'loss_kd_hidden': 1.9140625, 'loss_ce': 0.5568154454231262, 'epoch': 0.44}
{'loss_kd_logits': 1.1226043701171875, 'loss_kd_hidden': 1.9296875, 'loss_ce': 0.9959899187088013, 'epoch': 0.44}
{'loss_kd_logits': 1.058836579322815, 'loss_kd_hidden': 1.9140625, 'loss_ce': 0.7481560707092285, 'epoch': 0.44}
{'loss': 11.5212, 'grad_norm': 28.125, 'learning_rate': 1.9859096633447965e-05, 'epoch': 0.45}
{'loss': 11.6668, 'grad_norm': 36.25, 'learning_rate': 1.9854738402802715e-05, 'epoch': 0.45}
{'loss': 11.743, 'grad_norm': 25.25, 'learning_rate': 1.985031428632345e-05, 'epoch': 0.45}
{'loss': 12.5757, 'grad_norm': 37.25, 'learning_rate': 1.9845824313588485e-05, 'epoch': 0.45}
{'loss': 11.424, 'grad_norm': 34.5, 'learning_rate': 1.9841268514616434e-05, 'epoch': 0.46}
{'loss': 11.5491, 'grad_norm': 35.0, 'learning_rate': 1.9836646919866012e-05, 'epoch': 0.46}
{'loss': 11.4144, 'grad_norm': 33.75, 'learning_rate': 1.9831959560235815e-05, 'epoch': 0.46}
{'loss': 11.9409, 'grad_norm': 30.5, 'learning_rate': 1.9827206467064133e-05, 'epoch': 0.46}
{'loss': 12.5103, 'grad_norm': 34.75, 'learning_rate': 1.9822387672128724e-05, 'epoch': 0.46}
{'loss': 12.4088, 'grad_norm': 53.0, 'learning_rate': 1.9817503207646606e-05, 'epoch': 0.47}
{'loss': 11.5963, 'grad_norm': 30.75, 'learning_rate': 1.9812553106273848e-05, 'epoch': 0.47}
{'loss': 12.5248, 'grad_norm': 32.5, 'learning_rate': 1.980753740110535e-05, 'epoch': 0.47}
{'loss': 11.935, 'grad_norm': 33.0, 'learning_rate': 1.980245612567462e-05, 'epoch': 0.47}
{'loss': 11.7246, 'grad_norm': 28.75, 'learning_rate': 1.979730931395354e-05, 'epoch': 0.48}
{'loss': 12.0981, 'grad_norm': 28.25, 'learning_rate': 1.979209700035216e-05, 'epoch': 0.48}
{'loss': 11.8896, 'grad_norm': 34.25, 'learning_rate': 1.9786819219718443e-05, 'epoch': 0.48}

 16%|█▌        | 217/1350 [05:10<27:16,  1.44s/it]
                                                  
{'loss': 12.7357, 'grad_norm': 39.25, 'learning_rate': 1.9781476007338058e-05, 'epoch': 0.48}
{'loss': 12.6247, 'grad_norm': 38.0, 'learning_rate': 1.9776067398934122e-05, 'epoch': 0.48}
{'loss': 11.2207, 'grad_norm': 25.25, 'learning_rate': 1.9770593430666974e-05, 'epoch': 0.49}
{'loss': 11.6361, 'grad_norm': 30.375, 'learning_rate': 1.976505413913393e-05, 'epoch': 0.49}
{'loss': 11.273, 'grad_norm': 41.0, 'learning_rate': 1.9759449561369036e-05, 'epoch': 0.49}
{'loss': 12.0549, 'grad_norm': 36.25, 'learning_rate': 1.9753779734842827e-05, 'epoch': 0.49}
{'loss': 12.3468, 'grad_norm': 63.0, 'learning_rate': 1.974804469746206e-05, 'epoch': 0.5}
{'loss': 11.8401, 'grad_norm': 46.25, 'learning_rate': 1.974224448756948e-05, 'epoch': 0.5}
{'loss': 12.3486, 'grad_norm': 38.25, 'learning_rate': 1.9736379143943565e-05, 'epoch': 0.5}
{'loss': 12.1596, 'grad_norm': 31.5, 'learning_rate': 1.973044870579824e-05, 'epoch': 0.5}
{'loss': 12.0738, 'grad_norm': 30.875, 'learning_rate': 1.9724453212782647e-05, 'epoch': 0.5}
{'loss': 12.1979, 'grad_norm': 39.0, 'learning_rate': 1.9718392704980852e-05, 'epoch': 0.51}
{'loss': 11.6293, 'grad_norm': 33.25, 'learning_rate': 1.9712267222911605e-05, 'epoch': 0.51}
{'loss': 12.0446, 'grad_norm': 27.875, 'learning_rate': 1.9706076807528044e-05, 'epoch': 0.51}
{'loss': 11.5238, 'grad_norm': 26.375, 'learning_rate': 1.9699821500217436e-05, 'epoch': 0.51}
{'loss': 11.8639, 'grad_norm': 35.0, 'learning_rate': 1.9693501342800895e-05, 'epoch': 0.52}
{'loss': 11.5733, 'grad_norm': 31.625, 'learning_rate': 1.9687116377533102e-05, 'epoch': 0.52}
{'loss': 13.4244, 'grad_norm': 40.5, 'learning_rate': 1.9680666647102028e-05, 'epoch': 0.52}
{'loss': 10.9391, 'grad_norm': 31.625, 'learning_rate': 1.967415219462864e-05, 'epoch': 0.52}
{'loss': 11.4347, 'grad_norm': 27.0, 'learning_rate': 1.9667573063666622e-05, 'epoch': 0.52}
{'loss': 11.476, 'grad_norm': 27.75, 'learning_rate': 1.9660929298202072e-05, 'epoch': 0.53}
{'loss': 11.6889, 'grad_norm': 40.5, 'learning_rate': 1.9654220942653223e-05, 'epoch': 0.53}
{'loss': 12.1231, 'grad_norm': 37.0, 'learning_rate': 1.964744804187013e-05, 'epoch': 0.53}
{'loss': 11.8647, 'grad_norm': 22.125, 'learning_rate': 1.9640610641134383e-05, 'epoch': 0.53}
{'loss': 11.8346, 'grad_norm': 27.75, 'learning_rate': 1.9633708786158803e-05, 'epoch': 0.54}
{'loss': 11.3828, 'grad_norm': 34.0, 'learning_rate': 1.962674252308713e-05, 'epoch': 0.54}
{'loss': 11.5088, 'grad_norm': 25.625, 'learning_rate': 1.9619711898493707e-05, 'epoch': 0.54}
{'loss': 12.364, 'grad_norm': 22.625, 'learning_rate': 1.961261695938319e-05, 'epoch': 0.54}
{'loss': 12.7833, 'grad_norm': 33.25, 'learning_rate': 1.9605457753190224e-05, 'epoch': 0.54}
{'loss': 11.9972, 'grad_norm': 24.75, 'learning_rate': 1.959823432777912e-05, 'epoch': 0.55}
{'loss': 12.8132, 'grad_norm': 37.5, 'learning_rate': 1.959094673144354e-05, 'epoch': 0.55}
{'loss': 12.0676, 'grad_norm': 30.25, 'learning_rate': 1.9583595012906173e-05, 'epoch': 0.55}
{'loss': 12.5512, 'grad_norm': 41.5, 'learning_rate': 1.9576179221318406e-05, 'epoch': 0.55}
{'loss': 11.1701, 'grad_norm': 33.75, 'learning_rate': 1.9568699406260016e-05, 'epoch': 0.56}
{'loss_kd_logits': 1.2842344045639038, 'loss_kd_hidden': 1.859375, 'loss_ce': 0.6079450845718384, 'epoch': 0.56}
{'loss_kd_logits': 1.3779466152191162, 'loss_kd_hidden': 1.859375, 'loss_ce': 0.6740072965621948, 'epoch': 0.56}
{'loss_kd_logits': 1.1580086946487427, 'loss_kd_hidden': 1.8515625, 'loss_ce': 0.736482560634613, 'epoch': 0.56}
{'loss_kd_logits': 1.6382743120193481, 'loss_kd_hidden': 1.8671875, 'loss_ce': 1.0321124792099, 'epoch': 0.56}
{'loss_kd_logits': 0.9299086928367615, 'loss_kd_hidden': 1.8359375, 'loss_ce': 0.9342262148857117, 'epoch': 0.56}
{'loss_kd_logits': 0.8930676579475403, 'loss_kd_hidden': 1.8515625, 'loss_ce': 0.6504851579666138, 'epoch': 0.56}
{'loss_kd_logits': 1.251857042312622, 'loss_kd_hidden': 1.8359375, 'loss_ce': 0.7127182483673096, 'epoch': 0.56}
{'loss_kd_logits': 1.329552173614502, 'loss_kd_hidden': 1.8515625, 'loss_ce': 1.026319980621338, 'epoch': 0.56}
{'loss': 11.8217, 'grad_norm': 28.625, 'learning_rate': 1.95611556177388e-05, 'epoch': 0.56}
{'loss': 11.6824, 'grad_norm': 26.375, 'learning_rate': 1.955354790619027e-05, 'epoch': 0.56}
{'loss': 11.489, 'grad_norm': 36.5, 'learning_rate': 1.954587632247732e-05, 'epoch': 0.56}
{'loss': 12.4317, 'grad_norm': 27.125, 'learning_rate': 1.953814091788986e-05, 'epoch': 0.56}
{'loss': 10.8082, 'grad_norm': 54.25, 'learning_rate': 1.953034174414449e-05, 'epoch': 0.57}
{'loss': 11.2177, 'grad_norm': 26.875, 'learning_rate': 1.9522478853384154e-05, 'epoch': 0.57}
{'loss': 11.9544, 'grad_norm': 27.25, 'learning_rate': 1.9514552298177793e-05, 'epoch': 0.57}
{'loss': 12.4448, 'grad_norm': 36.0, 'learning_rate': 1.9506562131519978e-05, 'epoch': 0.57}
{'loss': 11.4016, 'grad_norm': 29.625, 'learning_rate': 1.9498508406830577e-05, 'epoch': 0.58}
{'loss': 11.6084, 'grad_norm': 24.5, 'learning_rate': 1.9490391177954383e-05, 'epoch': 0.58}
{'loss': 11.9722, 'grad_norm': 29.75, 'learning_rate': 1.9482210499160767e-05, 'epoch': 0.58}
{'loss': 12.7644, 'grad_norm': 40.5, 'learning_rate': 1.9473966425143292e-05, 'epoch': 0.58}
{'loss': 11.0334, 'grad_norm': 30.375, 'learning_rate': 1.9465659011019384e-05, 'epoch': 0.58}
{'loss': 11.7619, 'grad_norm': 31.875, 'learning_rate': 1.9457288312329916e-05, 'epoch': 0.59}
{'loss': 11.781, 'grad_norm': 37.0, 'learning_rate': 1.944885438503888e-05, 'epoch': 0.59}
{'loss': 11.7977, 'grad_norm': 37.0, 'learning_rate': 1.9440357285533e-05, 'epoch': 0.59}
{'loss': 11.5945, 'grad_norm': 28.375, 'learning_rate': 1.9431797070621336e-05, 'epoch': 0.59}
{'loss': 11.9226, 'grad_norm': 27.0, 'learning_rate': 1.9423173797534924e-05, 'epoch': 0.6}
{'loss': 12.133, 'grad_norm': 24.125, 'learning_rate': 1.941448752392639e-05, 'epoch': 0.6}
{'loss': 11.7735, 'grad_norm': 39.25, 'learning_rate': 1.9405738307869565e-05, 'epoch': 0.6}
{'loss': 11.0269, 'grad_norm': 30.0, 'learning_rate': 1.9396926207859085e-05, 'epoch': 0.6}
{'loss': 12.0711, 'grad_norm': 25.875, 'learning_rate': 1.9388051282810024e-05, 'epoch': 0.6}
{'loss': 13.4099, 'grad_norm': 34.0, 'learning_rate': 1.9379113592057468e-05, 'epoch': 0.61}
{'loss': 11.0535, 'grad_norm': 35.0, 'learning_rate': 1.937011319535615e-05, 'epoch': 0.61}
{'loss': 12.0965, 'grad_norm': 61.0, 'learning_rate': 1.936105015288003e-05, 'epoch': 0.61}
{'loss': 11.7656, 'grad_norm': 44.0, 'learning_rate': 1.93519245252219e-05, 'epoch': 0.61}
{'loss': 11.2277, 'grad_norm': 38.75, 'learning_rate': 1.9342736373392976e-05, 'epoch': 0.62}
{'loss': 11.611, 'grad_norm': 25.125, 'learning_rate': 1.9333485758822495e-05, 'epoch': 0.62}
{'loss': 12.5798, 'grad_norm': 32.75, 'learning_rate': 1.9324172743357297e-05, 'epoch': 0.62}
{'loss': 12.3962, 'grad_norm': 33.0, 'learning_rate': 1.9314797389261426e-05, 'epoch': 0.62}
{'loss': 11.543, 'grad_norm': 37.25, 'learning_rate': 1.9305359759215686e-05, 'epoch': 0.62}
{'loss': 12.3783, 'grad_norm': 45.0, 'learning_rate': 1.9295859916317258e-05, 'epoch': 0.63}
{'loss': 11.3834, 'grad_norm': 24.0, 'learning_rate': 1.9286297924079244e-05, 'epoch': 0.63}
{'loss': 11.6115, 'grad_norm': 30.75, 'learning_rate': 1.927667384643027e-05, 'epoch': 0.63}
{'loss': 11.9935, 'grad_norm': 28.25, 'learning_rate': 1.9266987747714036e-05, 'epoch': 0.63}
{'loss': 11.5809, 'grad_norm': 42.5, 'learning_rate': 1.9257239692688907e-05, 'epoch': 0.64}
{'loss': 10.9026, 'grad_norm': 48.25, 'learning_rate': 1.924742974652746e-05, 'epoch': 0.64}
{'loss': 11.2349, 'grad_norm': 33.25, 'learning_rate': 1.9237557974816063e-05, 'epoch': 0.64}
{'loss': 11.4693, 'grad_norm': 32.75, 'learning_rate': 1.9227624443554425e-05, 'epoch': 0.64}
{'loss': 11.4823, 'grad_norm': 28.25, 'learning_rate': 1.9217629219155172e-05, 'epoch': 0.64}
{'loss': 10.8887, 'grad_norm': 40.0, 'learning_rate': 1.9207572368443386e-05, 'epoch': 0.65}
{'loss': 10.2193, 'grad_norm': 33.5, 'learning_rate': 1.9197453958656157e-05, 'epoch': 0.65}
{'loss': 11.0398, 'grad_norm': 23.0, 'learning_rate': 1.9187274057442153e-05, 'epoch': 0.65}
{'loss': 11.6933, 'grad_norm': 30.0, 'learning_rate': 1.9177032732861146e-05, 'epoch': 0.65}

 22%|██▏       | 295/1350 [07:01<23:38,  1.34s/it]
                                                  
{'loss': 11.4533, 'grad_norm': 28.25, 'learning_rate': 1.916673005338357e-05, 'epoch': 0.66}
{'loss': 12.2969, 'grad_norm': 30.0, 'learning_rate': 1.9156366087890062e-05, 'epoch': 0.66}
{'loss': 11.9988, 'grad_norm': 29.0, 'learning_rate': 1.914594090567099e-05, 'epoch': 0.66}
{'loss': 12.3463, 'grad_norm': 37.25, 'learning_rate': 1.913545457642601e-05, 'epoch': 0.66}
{'loss': 12.324, 'grad_norm': 39.75, 'learning_rate': 1.9124907170263583e-05, 'epoch': 0.66}
{'loss': 11.7086, 'grad_norm': 24.75, 'learning_rate': 1.9114298757700508e-05, 'epoch': 0.67}
{'loss_kd_logits': 0.8886980414390564, 'loss_kd_hidden': 1.8359375, 'loss_ce': 0.49127641320228577, 'epoch': 0.67}
{'loss_kd_logits': 0.9747780561447144, 'loss_kd_hidden': 1.828125, 'loss_ce': 0.8420372009277344, 'epoch': 0.67}
{'loss_kd_logits': 0.8175663352012634, 'loss_kd_hidden': 1.8125, 'loss_ce': 0.4609352648258209, 'epoch': 0.67}
{'loss_kd_logits': 1.0112109184265137, 'loss_kd_hidden': 1.8359375, 'loss_ce': 0.8174347877502441, 'epoch': 0.67}
{'loss_kd_logits': 0.9869439005851746, 'loss_kd_hidden': 1.8125, 'loss_ce': 0.7285120487213135, 'epoch': 0.67}
{'loss_kd_logits': 1.412597417831421, 'loss_kd_hidden': 1.828125, 'loss_ce': 0.5947777628898621, 'epoch': 0.67}
{'loss_kd_logits': 1.3544368743896484, 'loss_kd_hidden': 1.828125, 'loss_ce': 0.7342397570610046, 'epoch': 0.67}
{'loss_kd_logits': 1.318135380744934, 'loss_kd_hidden': 1.828125, 'loss_ce': 0.9283179640769958, 'epoch': 0.67}
{'loss': 10.8333, 'grad_norm': 20.75, 'learning_rate': 1.9103629409661468e-05, 'epoch': 0.67}
{'loss': 11.3367, 'grad_norm': 23.875, 'learning_rate': 1.9092899197478524e-05, 'epoch': 0.67}
{'loss': 11.4841, 'grad_norm': 29.875, 'learning_rate': 1.9082108192890673e-05, 'epoch': 0.67}
{'loss': 11.0399, 'grad_norm': 33.0, 'learning_rate': 1.907125646804334e-05, 'epoch': 0.68}
{'loss': 11.7517, 'grad_norm': 34.75, 'learning_rate': 1.9060344095487916e-05, 'epoch': 0.68}
{'loss': 11.1702, 'grad_norm': 26.625, 'learning_rate': 1.9049371148181253e-05, 'epoch': 0.68}
{'loss': 10.7427, 'grad_norm': 32.75, 'learning_rate': 1.9038337699485207e-05, 'epoch': 0.68}
{'loss': 11.9717, 'grad_norm': 29.375, 'learning_rate': 1.9027243823166107e-05, 'epoch': 0.68}
{'loss': 11.6519, 'grad_norm': 45.25, 'learning_rate': 1.9016089593394297e-05, 'epoch': 0.69}
{'loss': 10.705, 'grad_norm': 31.625, 'learning_rate': 1.9004875084743624e-05, 'epoch': 0.69}
{'loss': 11.5502, 'grad_norm': 28.25, 'learning_rate': 1.8993600372190933e-05, 'epoch': 0.69}
{'loss': 11.6347, 'grad_norm': 30.0, 'learning_rate': 1.898226553111558e-05, 'epoch': 0.69}
{'loss': 12.0535, 'grad_norm': 32.0, 'learning_rate': 1.8970870637298936e-05, 'epoch': 0.7}
{'loss': 10.8539, 'grad_norm': 48.25, 'learning_rate': 1.895941576692384e-05, 'epoch': 0.7}
{'loss': 10.8319, 'grad_norm': 34.75, 'learning_rate': 1.8947900996574133e-05, 'epoch': 0.7}
{'loss': 11.2364, 'grad_norm': 23.75, 'learning_rate': 1.8936326403234125e-05, 'epoch': 0.7}
{'loss': 11.066, 'grad_norm': 27.125, 'learning_rate': 1.892469206428809e-05, 'epoch': 0.7}
{'loss': 12.3732, 'grad_norm': 35.5, 'learning_rate': 1.8912998057519735e-05, 'epoch': 0.71}
{'loss': 10.7877, 'grad_norm': 28.5, 'learning_rate': 1.8901244461111697e-05, 'epoch': 0.71}
{'loss': 10.7734, 'grad_norm': 28.75, 'learning_rate': 1.8889431353645004e-05, 'epoch': 0.71}
{'loss': 11.759, 'grad_norm': 25.125, 'learning_rate': 1.8877558814098564e-05, 'epoch': 0.71}
{'loss': 12.8673, 'grad_norm': 55.0, 'learning_rate': 1.8865626921848615e-05, 'epoch': 0.72}
{'loss': 11.9368, 'grad_norm': 25.0, 'learning_rate': 1.885363575666823e-05, 'epoch': 0.72}
{'loss': 11.8722, 'grad_norm': 24.625, 'learning_rate': 1.8841585398726755e-05, 'epoch': 0.72}
{'loss': 11.0611, 'grad_norm': 30.125, 'learning_rate': 1.8829475928589272e-05, 'epoch': 0.72}
{'loss': 11.3147, 'grad_norm': 23.875, 'learning_rate': 1.881730742721608e-05, 'epoch': 0.72}
{'loss': 11.6533, 'grad_norm': 28.25, 'learning_rate': 1.8805079975962143e-05, 'epoch': 0.73}
{'loss': 11.1671, 'grad_norm': 34.0, 'learning_rate': 1.8792793656576544e-05, 'epoch': 0.73}
{'loss': 11.8066, 'grad_norm': 31.75, 'learning_rate': 1.878044855120194e-05, 'epoch': 0.73}
{'loss': 11.3103, 'grad_norm': 41.25, 'learning_rate': 1.8768044742374008e-05, 'epoch': 0.73}
{'loss': 11.8907, 'grad_norm': 34.25, 'learning_rate': 1.8755582313020912e-05, 'epoch': 0.74}
{'loss': 11.6084, 'grad_norm': 29.25, 'learning_rate': 1.874306134646272e-05, 'epoch': 0.74}
{'loss': 11.8651, 'grad_norm': 27.5, 'learning_rate': 1.873048192641088e-05, 'epoch': 0.74}
{'loss': 10.7908, 'grad_norm': 25.375, 'learning_rate': 1.8717844136967626e-05, 'epoch': 0.74}
{'loss': 10.7936, 'grad_norm': 21.875, 'learning_rate': 1.870514806262544e-05, 'epoch': 0.74}
{'loss': 11.2379, 'grad_norm': 28.875, 'learning_rate': 1.8692393788266477e-05, 'epoch': 0.75}
{'loss': 11.532, 'grad_norm': 21.5, 'learning_rate': 1.8679581399162008e-05, 'epoch': 0.75}
{'loss': 10.9958, 'grad_norm': 31.375, 'learning_rate': 1.866671098097183e-05, 'epoch': 0.75}
{'loss': 11.0674, 'grad_norm': 24.375, 'learning_rate': 1.865378261974371e-05, 'epoch': 0.75}
{'loss': 12.0968, 'grad_norm': 29.125, 'learning_rate': 1.8640796401912805e-05, 'epoch': 0.76}
{'loss': 11.0929, 'grad_norm': 25.75, 'learning_rate': 1.8627752414301087e-05, 'epoch': 0.76}
{'loss': 11.8541, 'grad_norm': 24.0, 'learning_rate': 1.8614650744116757e-05, 'epoch': 0.76}
{'loss': 12.6201, 'grad_norm': 31.875, 'learning_rate': 1.860149147895366e-05, 'epoch': 0.76}
{'loss': 11.3019, 'grad_norm': 36.25, 'learning_rate': 1.8588274706790703e-05, 'epoch': 0.76}
{'loss': 11.4709, 'grad_norm': 38.25, 'learning_rate': 1.8575000515991283e-05, 'epoch': 0.77}
{'loss': 11.7367, 'grad_norm': 26.5, 'learning_rate': 1.8561668995302668e-05, 'epoch': 0.77}
{'loss': 10.9537, 'grad_norm': 23.125, 'learning_rate': 1.854828023385541e-05, 'epoch': 0.77}
{'loss': 12.0676, 'grad_norm': 31.0, 'learning_rate': 1.8534834321162778e-05, 'epoch': 0.77}
{'loss': 11.4381, 'grad_norm': 29.75, 'learning_rate': 1.8521331347120116e-05, 'epoch': 0.78}
{'loss': 10.8718, 'grad_norm': 27.375, 'learning_rate': 1.850777140200427e-05, 'epoch': 0.78}
{'loss_kd_logits': 1.6360803842544556, 'loss_kd_hidden': 1.8046875, 'loss_ce': 0.7685070037841797, 'epoch': 0.78}
{'loss_kd_logits': 0.9754214882850647, 'loss_kd_hidden': 1.8125, 'loss_ce': 0.7228559851646423, 'epoch': 0.78}
{'loss_kd_logits': 1.0304893255233765, 'loss_kd_hidden': 1.8046875, 'loss_ce': 0.8351320624351501, 'epoch': 0.78}
{'loss_kd_logits': 0.9399986863136292, 'loss_kd_hidden': 1.8125, 'loss_ce': 0.8515923619270325, 'epoch': 0.78}
{'loss_kd_logits': 1.534632921218872, 'loss_kd_hidden': 1.8203125, 'loss_ce': 0.9238145351409912, 'epoch': 0.78}
{'loss_kd_logits': 1.2115561962127686, 'loss_kd_hidden': 1.8203125, 'loss_ce': 0.7918774485588074, 'epoch': 0.78}
{'loss_kd_logits': 1.00275719165802, 'loss_kd_hidden': 1.8046875, 'loss_ce': 0.6784924268722534, 'epoch': 0.78}
{'loss_kd_logits': 1.2930731773376465, 'loss_kd_hidden': 1.8125, 'loss_ce': 0.6602206826210022, 'epoch': 0.78}
{'loss': 11.5513, 'grad_norm': 29.25, 'learning_rate': 1.8494154576472976e-05, 'epoch': 0.78}
{'loss': 12.0015, 'grad_norm': 40.5, 'learning_rate': 1.848048096156426e-05, 'epoch': 0.78}
{'loss': 11.0188, 'grad_norm': 31.0, 'learning_rate': 1.8466750648695826e-05, 'epoch': 0.78}
{'loss': 12.4542, 'grad_norm': 30.5, 'learning_rate': 1.8452963729664433e-05, 'epoch': 0.79}
{'loss': 11.2433, 'grad_norm': 33.25, 'learning_rate': 1.843912029664531e-05, 'epoch': 0.79}
{'loss': 11.4164, 'grad_norm': 36.5, 'learning_rate': 1.8425220442191496e-05, 'epoch': 0.79}
{'loss': 11.925, 'grad_norm': 37.5, 'learning_rate': 1.841126425923327e-05, 'epoch': 0.79}
{'loss': 12.0935, 'grad_norm': 30.25, 'learning_rate': 1.83972518410775e-05, 'epoch': 0.8}
{'loss': 11.2098, 'grad_norm': 25.75, 'learning_rate': 1.8383183281407016e-05, 'epoch': 0.8}
{'loss': 11.0338, 'grad_norm': 29.5, 'learning_rate': 1.8369058674280004e-05, 'epoch': 0.8}
{'loss': 11.9228, 'grad_norm': 41.5, 'learning_rate': 1.8354878114129368e-05, 'epoch': 0.8}
{'loss': 12.2605, 'grad_norm': 28.875, 'learning_rate': 1.8340641695762086e-05, 'epoch': 0.8}

 27%|██▋       | 363/1350 [08:38<22:27,  1.37s/it]

 30%|██▉       | 400/1350 [09:31<21:38,  1.37s/it]2025-12-21 23:45:33,252 - src.distill - INFO - KD logits: 1.3647, KD hidden: 1.7656, CE: 0.6882

                                                  

 30%|██▉       | 400/1350 [09:31<21:38,  1.37s/it]2025-12-21 23:45:33,371 - src.distill - INFO - KD logits: 1.1810, KD hidden: 1.7891, CE: 0.6731

                                                  

 30%|██▉       | 400/1350 [09:31<21:38,  1.37s/it]2025-12-21 23:45:33,520 - src.distill - INFO - KD logits: 1.1259, KD hidden: 1.8047, CE: 0.8817

                                                  

 30%|██▉       | 400/1350 [09:31<21:38,  1.37s/it]2025-12-21 23:45:33,697 - src.distill - INFO - KD logits: 0.9812, KD hidden: 1.7969, CE: 0.8742

                                                  

 30%|██▉       | 400/1350 [09:31<21:38,  1.37s/it]2025-12-21 23:45:33,888 - src.distill - INFO - KD logits: 0.9857, KD hidden: 1.8047, CE: 0.6476

                                                  

 30%|██▉       | 400/1350 [09:31<21:38,  1.37s/it]2025-12-21 23:45:34,072 - src.distill - INFO - KD logits: 0.8991, KD hidden: 1.8047, CE: 0.5841

                                                  

 30%|██▉       | 400/1350 [09:31<21:38,  1.37s/it]2025-12-21 23:45:34,220 - src.distill - INFO - KD logits: 1.0180, KD hidden: 1.7734, CE: 0.8013

                                                  

 30%|██▉       | 400/1350 [09:32<21:38,  1.37s/it]2025-12-21 23:45:34,346 - src.distill - INFO - KD logits: 1.0633, KD hidden: 1.7969, CE: 0.5569

{'loss': 11.0678, 'grad_norm': 28.25, 'learning_rate': 1.8326349514358594e-05, 'epoch': 0.81}
{'loss': 10.7569, 'grad_norm': 23.25, 'learning_rate': 1.8312001665472146e-05, 'epoch': 0.81}
{'loss': 11.3652, 'grad_norm': 30.75, 'learning_rate': 1.8297598245028173e-05, 'epoch': 0.81}
{'loss': 10.0927, 'grad_norm': 29.5, 'learning_rate': 1.8283139349323632e-05, 'epoch': 0.81}
{'loss': 11.599, 'grad_norm': 36.75, 'learning_rate': 1.8268625075026375e-05, 'epoch': 0.82}
{'loss': 11.1998, 'grad_norm': 28.75, 'learning_rate': 1.8254055519174502e-05, 'epoch': 0.82}
{'loss': 11.6561, 'grad_norm': 23.75, 'learning_rate': 1.8239430779175707e-05, 'epoch': 0.82}
{'loss': 11.7533, 'grad_norm': 26.875, 'learning_rate': 1.8224750952806626e-05, 'epoch': 0.82}
{'loss': 11.0653, 'grad_norm': 34.5, 'learning_rate': 1.8210016138212186e-05, 'epoch': 0.82}
{'loss': 11.585, 'grad_norm': 30.375, 'learning_rate': 1.819522643390496e-05, 'epoch': 0.83}
{'loss': 10.9139, 'grad_norm': 24.75, 'learning_rate': 1.818038193876448e-05, 'epoch': 0.83}
{'loss': 11.0017, 'grad_norm': 27.125, 'learning_rate': 1.81654827520366e-05, 'epoch': 0.83}
{'loss': 11.6878, 'grad_norm': 30.5, 'learning_rate': 1.815052897333284e-05, 'epoch': 0.83}
{'loss': 11.1035, 'grad_norm': 27.375, 'learning_rate': 1.8135520702629677e-05, 'epoch': 0.84}
{'loss': 11.3142, 'grad_norm': 25.25, 'learning_rate': 1.812045804026793e-05, 'epoch': 0.84}
{'loss': 11.66, 'grad_norm': 42.5, 'learning_rate': 1.8105341086952052e-05, 'epoch': 0.84}
{'loss': 10.6609, 'grad_norm': 33.75, 'learning_rate': 1.8090169943749477e-05, 'epoch': 0.84}
{'loss': 11.5892, 'grad_norm': 23.75, 'learning_rate': 1.8074944712089925e-05, 'epoch': 0.84}
{'loss': 10.8148, 'grad_norm': 28.375, 'learning_rate': 1.8059665493764745e-05, 'epoch': 0.85}
{'loss': 11.538, 'grad_norm': 26.875, 'learning_rate': 1.8044332390926224e-05, 'epoch': 0.85}
{'loss': 10.8528, 'grad_norm': 26.125, 'learning_rate': 1.8028945506086898e-05, 'epoch': 0.85}
{'loss': 10.6182, 'grad_norm': 23.375, 'learning_rate': 1.8013504942118878e-05, 'epoch': 0.85}
{'loss': 11.5205, 'grad_norm': 26.0, 'learning_rate': 1.799801080225316e-05, 'epoch': 0.86}
{'loss': 11.6285, 'grad_norm': 27.25, 'learning_rate': 1.7982463190078928e-05, 'epoch': 0.86}
{'loss': 11.2148, 'grad_norm': 25.625, 'learning_rate': 1.796686220954287e-05, 'epoch': 0.86}
{'loss': 10.7816, 'grad_norm': 21.25, 'learning_rate': 1.795120796494848e-05, 'epoch': 0.86}
{'loss': 11.374, 'grad_norm': 22.25, 'learning_rate': 1.7935500560955346e-05, 'epoch': 0.86}
{'loss': 10.8641, 'grad_norm': 20.375, 'learning_rate': 1.7919740102578482e-05, 'epoch': 0.87}
{'loss': 11.7087, 'grad_norm': 30.0, 'learning_rate': 1.7903926695187595e-05, 'epoch': 0.87}
{'loss': 11.0269, 'grad_norm': 25.125, 'learning_rate': 1.78880604445064e-05, 'epoch': 0.87}
{'loss': 11.4996, 'grad_norm': 24.0, 'learning_rate': 1.7872141456611904e-05, 'epoch': 0.87}
{'loss': 10.597, 'grad_norm': 24.375, 'learning_rate': 1.78561698379337e-05, 'epoch': 0.88}
{'loss': 10.5178, 'grad_norm': 24.125, 'learning_rate': 1.7840145695253258e-05, 'epoch': 0.88}
{'loss': 11.0425, 'grad_norm': 20.0, 'learning_rate': 1.78240691357032e-05, 'epoch': 0.88}
{'loss': 11.1804, 'grad_norm': 27.5, 'learning_rate': 1.7807940266766595e-05, 'epoch': 0.88}
{'loss': 11.3703, 'grad_norm': 24.875, 'learning_rate': 1.779175919627624e-05, 'epoch': 0.88}
{'loss': 11.8507, 'grad_norm': 32.25, 'learning_rate': 1.777552603241393e-05, 'epoch': 0.89}
{'loss': 11.2036, 'grad_norm': 35.75, 'learning_rate': 1.7759240883709745e-05, 'epoch': 0.89}
{'loss_kd_logits': 1.3646785020828247, 'loss_kd_hidden': 1.765625, 'loss_ce': 0.688217282295227, 'epoch': 0.89}
{'loss_kd_logits': 1.180991530418396, 'loss_kd_hidden': 1.7890625, 'loss_ce': 0.6730682253837585, 'epoch': 0.89}
{'loss_kd_logits': 1.1258695125579834, 'loss_kd_hidden': 1.8046875, 'loss_ce': 0.8817231059074402, 'epoch': 0.89}
{'loss_kd_logits': 0.9811795949935913, 'loss_kd_hidden': 1.796875, 'loss_ce': 0.8741909861564636, 'epoch': 0.89}
{'loss_kd_logits': 0.9856613278388977, 'loss_kd_hidden': 1.8046875, 'loss_ce': 0.6475527882575989, 'epoch': 0.89}
{'loss_kd_logits': 0.8990512490272522, 'loss_kd_hidden': 1.8046875, 'loss_ce': 0.5840798020362854, 'epoch': 0.89}
{'loss_kd_logits': 1.0179555416107178, 'loss_kd_hidden': 1.7734375, 'loss_ce': 0.8013235926628113, 'epoch': 0.89}
{'loss_kd_logits': 1.0632909536361694, 'loss_kd_hidden': 1.796875, 'loss_ce': 0.5569395422935486, 'epoch': 0.89}
{'loss': 10.7469, 'grad_norm': 25.5, 'learning_rate': 1.7742903859041324e-05, 'epoch': 0.89}
{'loss': 10.8298, 'grad_norm': 26.25, 'learning_rate': 1.7726515067633126e-05, 'epoch': 0.89}
{'loss': 11.2832, 'grad_norm': 21.0, 'learning_rate': 1.7710074619055707e-05, 'epoch': 0.9}
{'loss': 10.6456, 'grad_norm': 33.5, 'learning_rate': 1.7693582623224993e-05, 'epoch': 0.9}
{'loss': 11.3866, 'grad_norm': 25.25, 'learning_rate': 1.7677039190401538e-05, 'epoch': 0.9}
{'loss': 12.3029, 'grad_norm': 31.25, 'learning_rate': 1.766044443118978e-05, 'epoch': 0.9}
{'loss': 11.7913, 'grad_norm': 37.5, 'learning_rate': 1.7643798456537325e-05, 'epoch': 0.9}
{'loss': 10.9675, 'grad_norm': 23.75, 'learning_rate': 1.7627101377734176e-05, 'epoch': 0.91}
{'loss': 11.7236, 'grad_norm': 29.25, 'learning_rate': 1.761035330641201e-05, 'epoch': 0.91}
{'loss': 11.5867, 'grad_norm': 41.75, 'learning_rate': 1.759355435454342e-05, 'epoch': 0.91}
{'loss': 11.6836, 'grad_norm': 22.875, 'learning_rate': 1.757670463444118e-05, 'epoch': 0.91}
{'loss': 11.5672, 'grad_norm': 37.75, 'learning_rate': 1.755980425875748e-05, 'epoch': 0.92}
{'loss': 11.6323, 'grad_norm': 36.0, 'learning_rate': 1.7542853340483175e-05, 'epoch': 0.92}
{'loss': 11.238, 'grad_norm': 27.5, 'learning_rate': 1.7525851992947038e-05, 'epoch': 0.92}
{'loss': 10.8212, 'grad_norm': 25.5, 'learning_rate': 1.7508800329814993e-05, 'epoch': 0.92}
{'loss': 11.191, 'grad_norm': 30.75, 'learning_rate': 1.749169846508936e-05, 'epoch': 0.92}
{'loss': 11.2575, 'grad_norm': 29.125, 'learning_rate': 1.7474546513108096e-05, 'epoch': 0.93}
{'loss': 10.7506, 'grad_norm': 22.25, 'learning_rate': 1.7457344588544018e-05, 'epoch': 0.93}
{'loss': 11.3453, 'grad_norm': 28.125, 'learning_rate': 1.7440092806404054e-05, 'epoch': 0.93}
{'loss': 11.0521, 'grad_norm': 24.5, 'learning_rate': 1.7422791282028457e-05, 'epoch': 0.93}
{'loss': 10.595, 'grad_norm': 23.625, 'learning_rate': 1.740544013109005e-05, 'epoch': 0.94}
{'loss': 11.4277, 'grad_norm': 24.875, 'learning_rate': 1.738803946959343e-05, 'epoch': 0.94}
{'loss': 11.471, 'grad_norm': 24.5, 'learning_rate': 1.7370589413874226e-05, 'epoch': 0.94}
{'loss': 11.1644, 'grad_norm': 38.25, 'learning_rate': 1.735309008059829e-05, 'epoch': 0.94}
{'loss': 10.5601, 'grad_norm': 23.875, 'learning_rate': 1.7335541586760928e-05, 'epoch': 0.94}
{'loss': 10.7248, 'grad_norm': 31.5, 'learning_rate': 1.7317944049686125e-05, 'epoch': 0.95}
{'loss': 11.0433, 'grad_norm': 40.0, 'learning_rate': 1.7300297587025748e-05, 'epoch': 0.95}
{'loss': 11.1536, 'grad_norm': 26.375, 'learning_rate': 1.7282602316758774e-05, 'epoch': 0.95}
{'loss': 12.1839, 'grad_norm': 34.25, 'learning_rate': 1.7264858357190487e-05, 'epoch': 0.95}
{'loss': 11.1861, 'grad_norm': 25.5, 'learning_rate': 1.7247065826951694e-05, 'epoch': 0.96}
{'loss': 10.888, 'grad_norm': 26.0, 'learning_rate': 1.722922484499793e-05, 'epoch': 0.96}
{'loss': 11.6792, 'grad_norm': 31.75, 'learning_rate': 1.7211335530608667e-05, 'epoch': 0.96}
{'loss': 11.0556, 'grad_norm': 24.625, 'learning_rate': 1.7193398003386514e-05, 'epoch': 0.96}
{'loss': 11.027, 'grad_norm': 26.125, 'learning_rate': 1.717541238325641e-05, 'epoch': 0.96}
{'loss': 10.655, 'grad_norm': 22.0, 'learning_rate': 1.715737879046483e-05, 'epoch': 0.97}
{'loss': 11.7527, 'grad_norm': 33.75, 'learning_rate': 1.7139297345578992e-05, 'epoch': 0.97}
{'loss': 10.6392, 'grad_norm': 21.625, 'learning_rate': 1.712116816948602e-05, 'epoch': 0.97}
{'loss': 11.2999, 'grad_norm': 34.75, 'learning_rate': 1.710299138339217e-05, 'epoch': 0.97}
{'loss': 11.7954, 'grad_norm': 22.875, 'learning_rate': 1.7084767108822e-05, 'epoch': 0.98}
{'loss': 11.0255, 'grad_norm': 30.5, 'learning_rate': 1.7066495467617552e-05, 'epoch': 0.98}

 33%|███▎      | 441/1350 [10:30<21:26,  1.42s/it]

{'loss': 11.264, 'grad_norm': 27.75, 'learning_rate': 1.7048176581937562e-05, 'epoch': 0.98}
{'loss': 11.6379, 'grad_norm': 23.375, 'learning_rate': 1.702981057425662e-05, 'epoch': 0.98}
{'loss': 10.993, 'grad_norm': 26.5, 'learning_rate': 1.701139756736436e-05, 'epoch': 0.98}
{'loss': 11.6571, 'grad_norm': 23.375, 'learning_rate': 1.6992937684364636e-05, 'epoch': 0.99}
{'loss': 11.0427, 'grad_norm': 25.875, 'learning_rate': 1.6974431048674714e-05, 'epoch': 0.99}
{'loss': 11.102, 'grad_norm': 30.25, 'learning_rate': 1.6955877784024418e-05, 'epoch': 0.99}
{'loss': 10.228, 'grad_norm': 21.25, 'learning_rate': 1.6937278014455337e-05, 'epoch': 0.99}
{'loss': 11.2109, 'grad_norm': 27.625, 'learning_rate': 1.691863186431996e-05, 'epoch': 1.0}
{'loss': 10.7002, 'grad_norm': 26.125, 'learning_rate': 1.6899939458280875e-05, 'epoch': 1.0}
{'loss': 11.2137, 'grad_norm': 34.25, 'learning_rate': 1.6881200921309914e-05, 'epoch': 1.0}
{'loss_kd_logits': 1.0257059335708618, 'loss_kd_hidden': 1.7734375, 'loss_ce': 0.6605498790740967, 'epoch': 1.0}
{'loss_kd_logits': 0.9215952157974243, 'loss_kd_hidden': 1.8046875, 'loss_ce': 0.7646350860595703, 'epoch': 1.0}
{'loss_kd_logits': 1.133312702178955, 'loss_kd_hidden': 1.7734375, 'loss_ce': 0.7294546961784363, 'epoch': 1.0}
{'loss_kd_logits': 0.9448621273040771, 'loss_kd_hidden': 1.8046875, 'loss_ce': 0.719517171382904, 'epoch': 1.0}
{'loss_kd_logits': 0.8627740144729614, 'loss_kd_hidden': 1.75, 'loss_ce': 0.5595812797546387, 'epoch': 1.0}
{'loss_kd_logits': 1.2044944763183594, 'loss_kd_hidden': 1.8046875, 'loss_ce': 1.1358551979064941, 'epoch': 1.0}
{'loss_kd_logits': 0.8158310055732727, 'loss_kd_hidden': 1.7734375, 'loss_ce': 0.598164975643158, 'epoch': 1.0}
{'loss_kd_logits': 0.9137065410614014, 'loss_kd_hidden': 1.7890625, 'loss_ce': 0.8017232418060303, 'epoch': 1.0}
{'loss': 10.4642, 'grad_norm': 24.0, 'learning_rate': 1.686241637868734e-05, 'epoch': 1.0}
{'loss': 10.549, 'grad_norm': 20.0, 'learning_rate': 1.684358595600098e-05, 'epoch': 1.0}
{'loss': 11.2112, 'grad_norm': 21.75, 'learning_rate': 1.682470977914541e-05, 'epoch': 1.01}
{'loss': 11.5915, 'grad_norm': 24.625, 'learning_rate': 1.6805787974321107e-05, 'epoch': 1.01}
{'loss': 11.2603, 'grad_norm': 21.625, 'learning_rate': 1.6786820668033596e-05, 'epoch': 1.01}
{'loss': 10.7274, 'grad_norm': 26.125, 'learning_rate': 1.676780798709262e-05, 'epoch': 1.01}
{'loss': 11.3628, 'grad_norm': 22.625, 'learning_rate': 1.674875005861128e-05, 'epoch': 1.02}
{'loss': 11.4865, 'grad_norm': 27.75, 'learning_rate': 1.6729647010005175e-05, 'epoch': 1.02}
{'loss': 11.6285, 'grad_norm': 21.5, 'learning_rate': 1.6710498968991583e-05, 'epoch': 1.02}
{'loss': 10.8529, 'grad_norm': 18.25, 'learning_rate': 1.6691306063588583e-05, 'epoch': 1.02}
{'loss': 10.7397, 'grad_norm': 22.25, 'learning_rate': 1.6672068422114195e-05, 'epoch': 1.02}
{'loss': 10.9011, 'grad_norm': 36.75, 'learning_rate': 1.6652786173185545e-05, 'epoch': 1.03}
{'loss': 11.1438, 'grad_norm': 26.5, 'learning_rate': 1.6633459445717973e-05, 'epoch': 1.03}
{'loss': 10.8753, 'grad_norm': 23.0, 'learning_rate': 1.6614088368924212e-05, 'epoch': 1.03}
{'loss': 10.6198, 'grad_norm': 20.375, 'learning_rate': 1.6594673072313478e-05, 'epoch': 1.03}
{'loss': 10.5181, 'grad_norm': 23.75, 'learning_rate': 1.657521368569064e-05, 'epoch': 1.04}
{'loss': 10.0339, 'grad_norm': 28.5, 'learning_rate': 1.6555710339155338e-05, 'epoch': 1.04}
{'loss': 10.6923, 'grad_norm': 20.0, 'learning_rate': 1.653616316310112e-05, 'epoch': 1.04}
{'loss': 10.9702, 'grad_norm': 22.875, 'learning_rate': 1.6516572288214555e-05, 'epoch': 1.04}
{'loss': 11.3857, 'grad_norm': 32.5, 'learning_rate': 1.6496937845474375e-05, 'epoch': 1.04}
{'loss': 11.4015, 'grad_norm': 33.75, 'learning_rate': 1.647725996615059e-05, 'epoch': 1.05}
{'loss': 10.9516, 'grad_norm': 36.25, 'learning_rate': 1.6457538781803625e-05, 'epoch': 1.05}
{'loss': 11.2307, 'grad_norm': 28.25, 'learning_rate': 1.6437774424283414e-05, 'epoch': 1.05}
{'loss': 10.7569, 'grad_norm': 23.75, 'learning_rate': 1.641796702572854e-05, 'epoch': 1.05}
{'loss': 10.5156, 'grad_norm': 24.5, 'learning_rate': 1.639811671856535e-05, 'epoch': 1.06}
{'loss': 11.0935, 'grad_norm': 24.625, 'learning_rate': 1.637822363550706e-05, 'epoch': 1.06}
{'loss': 10.5922, 'grad_norm': 33.75, 'learning_rate': 1.635828790955288e-05, 'epoch': 1.06}
{'loss': 11.4511, 'grad_norm': 21.5, 'learning_rate': 1.63383096739871e-05, 'epoch': 1.06}
{'loss': 10.2219, 'grad_norm': 21.5, 'learning_rate': 1.6318289062378246e-05, 'epoch': 1.06}
{'loss': 12.4688, 'grad_norm': 27.875, 'learning_rate': 1.6298226208578127e-05, 'epoch': 1.07}
{'loss': 10.7042, 'grad_norm': 19.625, 'learning_rate': 1.627812124672099e-05, 'epoch': 1.07}
{'loss': 10.7457, 'grad_norm': 32.25, 'learning_rate': 1.625797431122259e-05, 'epoch': 1.07}
{'loss': 10.6752, 'grad_norm': 21.25, 'learning_rate': 1.6237785536779322e-05, 'epoch': 1.07}
{'loss': 10.9582, 'grad_norm': 30.875, 'learning_rate': 1.6217555058367288e-05, 'epoch': 1.08}
{'loss': 10.5749, 'grad_norm': 25.25, 'learning_rate': 1.6197283011241423e-05, 'epoch': 1.08}
{'loss': 11.2363, 'grad_norm': 26.125, 'learning_rate': 1.6176969530934573e-05, 'epoch': 1.08}
{'loss': 10.9227, 'grad_norm': 23.625, 'learning_rate': 1.6156614753256583e-05, 'epoch': 1.08}
{'loss': 10.834, 'grad_norm': 22.625, 'learning_rate': 1.6136218814293422e-05, 'epoch': 1.08}
{'loss': 10.9129, 'grad_norm': 23.0, 'learning_rate': 1.6115781850406226e-05, 'epoch': 1.09}
{'loss': 11.18, 'grad_norm': 33.75, 'learning_rate': 1.6095303998230432e-05, 'epoch': 1.09}
{'loss': 11.4738, 'grad_norm': 18.5, 'learning_rate': 1.6074785394674835e-05, 'epoch': 1.09}
{'loss': 10.889, 'grad_norm': 23.25, 'learning_rate': 1.6054226176920687e-05, 'epoch': 1.09}
{'loss': 10.4534, 'grad_norm': 17.75, 'learning_rate': 1.603362648242076e-05, 'epoch': 1.1}
{'loss': 10.7417, 'grad_norm': 19.125, 'learning_rate': 1.601298644889846e-05, 'epoch': 1.1}
{'loss': 10.8116, 'grad_norm': 43.0, 'learning_rate': 1.599230621434687e-05, 'epoch': 1.1}
{'loss': 10.9226, 'grad_norm': 22.0, 'learning_rate': 1.5971585917027864e-05, 'epoch': 1.1}
{'loss': 10.8565, 'grad_norm': 37.5, 'learning_rate': 1.5950825695471145e-05, 'epoch': 1.1}
{'loss': 10.1719, 'grad_norm': 19.625, 'learning_rate': 1.5930025688473353e-05, 'epoch': 1.11}
{'loss': 11.4591, 'grad_norm': 22.375, 'learning_rate': 1.5909186035097114e-05, 'epoch': 1.11}
{'loss': 11.3276, 'grad_norm': 22.25, 'learning_rate': 1.5888306874670112e-05, 'epoch': 1.11}
{'loss_kd_logits': 0.7589941024780273, 'loss_kd_hidden': 1.7578125, 'loss_ce': 0.5150966048240662, 'epoch': 1.11}
{'loss_kd_logits': 1.1577969789505005, 'loss_kd_hidden': 1.7578125, 'loss_ce': 0.6960576176643372, 'epoch': 1.11}
{'loss_kd_logits': 1.0290381908416748, 'loss_kd_hidden': 1.765625, 'loss_ce': 0.6974944472312927, 'epoch': 1.11}
{'loss_kd_logits': 1.4272427558898926, 'loss_kd_hidden': 1.7890625, 'loss_ce': 0.8328890204429626, 'epoch': 1.11}
{'loss_kd_logits': 0.9841749668121338, 'loss_kd_hidden': 1.765625, 'loss_ce': 0.7134451866149902, 'epoch': 1.11}
{'loss_kd_logits': 0.9088535308837891, 'loss_kd_hidden': 1.75, 'loss_ce': 0.8348842859268188, 'epoch': 1.11}
{'loss_kd_logits': 0.9430180191993713, 'loss_kd_hidden': 1.765625, 'loss_ce': 0.75667804479599, 'epoch': 1.11}
{'loss_kd_logits': 1.1447856426239014, 'loss_kd_hidden': 1.75, 'loss_ce': 0.5472856760025024, 'epoch': 1.11}
{'loss': 10.4993, 'grad_norm': 22.5, 'learning_rate': 1.586738834678418e-05, 'epoch': 1.11}
{'loss': 10.9416, 'grad_norm': 25.125, 'learning_rate': 1.5846430591294334e-05, 'epoch': 1.12}
{'loss': 10.5444, 'grad_norm': 25.375, 'learning_rate': 1.5825433748317857e-05, 'epoch': 1.12}
{'loss': 10.7644, 'grad_norm': 23.625, 'learning_rate': 1.580439795823337e-05, 'epoch': 1.12}
{'loss': 10.8787, 'grad_norm': 21.625, 'learning_rate': 1.5783323361679865e-05, 'epoch': 1.12}
{'loss': 10.6457, 'grad_norm': 25.125, 'learning_rate': 1.5762210099555804e-05, 'epoch': 1.12}
{'loss': 10.4774, 'grad_norm': 21.875, 'learning_rate': 1.5741058313018135e-05, 'epoch': 1.13}
{'loss': 11.1326, 'grad_norm': 22.75, 'learning_rate': 1.5719868143481385e-05, 'epoch': 1.13}

 38%|███▊      | 509/1350 [12:06<19:02,  1.36s/it]

{'loss': 10.4692, 'grad_norm': 22.0, 'learning_rate': 1.5698639732616685e-05, 'epoch': 1.13}
{'loss': 10.7174, 'grad_norm': 21.75, 'learning_rate': 1.567737322235084e-05, 'epoch': 1.13}
{'loss': 11.2385, 'grad_norm': 23.25, 'learning_rate': 1.5656068754865388e-05, 'epoch': 1.14}
{'loss': 11.0734, 'grad_norm': 21.375, 'learning_rate': 1.5634726472595618e-05, 'epoch': 1.14}
{'loss': 10.5342, 'grad_norm': 20.375, 'learning_rate': 1.5613346518229652e-05, 'epoch': 1.14}
{'loss': 11.0933, 'grad_norm': 25.75, 'learning_rate': 1.5591929034707468e-05, 'epoch': 1.14}
{'loss': 10.5627, 'grad_norm': 22.125, 'learning_rate': 1.557047416521996e-05, 'epoch': 1.14}
{'loss': 10.419, 'grad_norm': 23.625, 'learning_rate': 1.554898205320797e-05, 'epoch': 1.15}
{'loss': 10.8031, 'grad_norm': 28.125, 'learning_rate': 1.552745284236133e-05, 'epoch': 1.15}
{'loss': 10.9134, 'grad_norm': 25.875, 'learning_rate': 1.5505886676617902e-05, 'epoch': 1.15}
{'loss': 11.4339, 'grad_norm': 23.625, 'learning_rate': 1.5484283700162625e-05, 'epoch': 1.15}
{'loss': 11.0595, 'grad_norm': 25.75, 'learning_rate': 1.546264405742654e-05, 'epoch': 1.16}
{'loss': 10.8592, 'grad_norm': 31.75, 'learning_rate': 1.5440967893085827e-05, 'epoch': 1.16}
{'loss': 11.5208, 'grad_norm': 27.125, 'learning_rate': 1.541925535206084e-05, 'epoch': 1.16}
{'loss': 11.0188, 'grad_norm': 21.5, 'learning_rate': 1.539750657951513e-05, 'epoch': 1.16}
{'loss': 10.5854, 'grad_norm': 22.125, 'learning_rate': 1.537572172085449e-05, 'epoch': 1.16}
{'loss': 10.173, 'grad_norm': 30.375, 'learning_rate': 1.535390092172597e-05, 'epoch': 1.17}
{'loss': 11.1749, 'grad_norm': 26.625, 'learning_rate': 1.5332044328016916e-05, 'epoch': 1.17}
{'loss': 10.9315, 'grad_norm': 17.625, 'learning_rate': 1.5310152085853962e-05, 'epoch': 1.17}
{'loss': 10.6881, 'grad_norm': 19.75, 'learning_rate': 1.52882243416021e-05, 'epoch': 1.17}
{'loss': 10.663, 'grad_norm': 30.0, 'learning_rate': 1.5266261241863675e-05, 'epoch': 1.18}
{'loss': 10.8986, 'grad_norm': 23.75, 'learning_rate': 1.5244262933477401e-05, 'epoch': 1.18}
{'loss': 10.5056, 'grad_norm': 22.125, 'learning_rate': 1.5222229563517385e-05, 'epoch': 1.18}
{'loss': 10.5243, 'grad_norm': 26.625, 'learning_rate': 1.5200161279292154e-05, 'epoch': 1.18}
{'loss': 11.0994, 'grad_norm': 26.125, 'learning_rate': 1.5178058228343662e-05, 'epoch': 1.18}
{'loss': 10.5659, 'grad_norm': 28.125, 'learning_rate': 1.5155920558446286e-05, 'epoch': 1.19}
{'loss': 10.164, 'grad_norm': 23.875, 'learning_rate': 1.5133748417605878e-05, 'epoch': 1.19}
{'loss': 11.3751, 'grad_norm': 29.5, 'learning_rate': 1.5111541954058733e-05, 'epoch': 1.19}
{'loss': 11.273, 'grad_norm': 30.125, 'learning_rate': 1.5089301316270631e-05, 'epoch': 1.19}
{'loss': 10.5509, 'grad_norm': 25.125, 'learning_rate': 1.5067026652935823e-05, 'epoch': 1.2}
{'loss': 11.222, 'grad_norm': 23.375, 'learning_rate': 1.504471811297605e-05, 'epoch': 1.2}
{'loss': 10.2691, 'grad_norm': 20.5, 'learning_rate': 1.5022375845539537e-05, 'epoch': 1.2}
{'loss': 10.5535, 'grad_norm': 24.75, 'learning_rate': 1.5000000000000002e-05, 'epoch': 1.2}
{'loss': 11.7764, 'grad_norm': 30.5, 'learning_rate': 1.497759072595566e-05, 'epoch': 1.2}
{'loss': 10.6356, 'grad_norm': 23.625, 'learning_rate': 1.4955148173228209e-05, 'epoch': 1.21}
{'loss': 11.0618, 'grad_norm': 28.375, 'learning_rate': 1.4932672491861855e-05, 'epoch': 1.21}
{'loss': 10.5893, 'grad_norm': 24.125, 'learning_rate': 1.4910163832122278e-05, 'epoch': 1.21}
{'loss': 10.3726, 'grad_norm': 23.125, 'learning_rate': 1.4887622344495643e-05, 'epoch': 1.21}
{'loss': 10.0207, 'grad_norm': 20.75, 'learning_rate': 1.48650481796876e-05, 'epoch': 1.22}
{'loss': 10.7438, 'grad_norm': 28.5, 'learning_rate': 1.4842441488622266e-05, 'epoch': 1.22}
{'loss': 11.0371, 'grad_norm': 25.0, 'learning_rate': 1.481980242244121e-05, 'epoch': 1.22}
{'loss': 11.1228, 'grad_norm': 28.0, 'learning_rate': 1.4797131132502464e-05, 'epoch': 1.22}
{'loss_kd_logits': 1.0805344581604004, 'loss_kd_hidden': 1.765625, 'loss_ce': 0.5678650140762329, 'epoch': 1.22}
{'loss_kd_logits': 1.0594203472137451, 'loss_kd_hidden': 1.7734375, 'loss_ce': 0.8943029642105103, 'epoch': 1.22}
{'loss_kd_logits': 0.964777410030365, 'loss_kd_hidden': 1.75, 'loss_ce': 0.4581320881843567, 'epoch': 1.22}
{'loss_kd_logits': 1.03767728805542, 'loss_kd_hidden': 1.7578125, 'loss_ce': 0.7058544158935547, 'epoch': 1.22}
{'loss_kd_logits': 1.3214393854141235, 'loss_kd_hidden': 1.796875, 'loss_ce': 0.6025761365890503, 'epoch': 1.22}
{'loss_kd_logits': 1.1188048124313354, 'loss_kd_hidden': 1.75, 'loss_ce': 0.7939642071723938, 'epoch': 1.22}
{'loss_kd_logits': 1.143273949623108, 'loss_kd_hidden': 1.765625, 'loss_ce': 0.6156163215637207, 'epoch': 1.22}
{'loss_kd_logits': 1.0429469347000122, 'loss_kd_hidden': 1.765625, 'loss_ce': 0.7349336743354797, 'epoch': 1.22}
{'loss': 10.6023, 'grad_norm': 24.25, 'learning_rate': 1.4774427770379492e-05, 'epoch': 1.22}
{'loss': 10.7243, 'grad_norm': 24.625, 'learning_rate': 1.4751692487860182e-05, 'epoch': 1.23}
{'loss': 11.0408, 'grad_norm': 20.25, 'learning_rate': 1.4728925436945838e-05, 'epoch': 1.23}
{'loss': 10.6704, 'grad_norm': 18.875, 'learning_rate': 1.470612676985015e-05, 'epoch': 1.23}
{'loss': 10.8206, 'grad_norm': 20.75, 'learning_rate': 1.4683296638998192e-05, 'epoch': 1.23}
{'loss': 10.4882, 'grad_norm': 22.125, 'learning_rate': 1.4660435197025391e-05, 'epoch': 1.24}
{'loss': 10.5443, 'grad_norm': 22.0, 'learning_rate': 1.4637542596776509e-05, 'epoch': 1.24}
{'loss': 10.2419, 'grad_norm': 22.0, 'learning_rate': 1.4614618991304625e-05, 'epoch': 1.24}
{'loss': 10.7064, 'grad_norm': 23.125, 'learning_rate': 1.4591664533870118e-05, 'epoch': 1.24}
{'loss': 11.1641, 'grad_norm': 24.875, 'learning_rate': 1.4568679377939619e-05, 'epoch': 1.24}
{'loss': 11.088, 'grad_norm': 38.0, 'learning_rate': 1.4545663677185007e-05, 'epoch': 1.25}
{'loss': 11.0068, 'grad_norm': 20.5, 'learning_rate': 1.4522617585482377e-05, 'epoch': 1.25}
{'loss': 10.505, 'grad_norm': 19.625, 'learning_rate': 1.4499541256911008e-05, 'epoch': 1.25}
{'loss': 11.1661, 'grad_norm': 25.5, 'learning_rate': 1.4476434845752327e-05, 'epoch': 1.25}
{'loss': 10.2329, 'grad_norm': 25.25, 'learning_rate': 1.4453298506488896e-05, 'epoch': 1.26}
{'loss': 10.3899, 'grad_norm': 20.25, 'learning_rate': 1.4430132393803353e-05, 'epoch': 1.26}
{'loss': 11.2102, 'grad_norm': 25.875, 'learning_rate': 1.4406936662577406e-05, 'epoch': 1.26}
{'loss': 11.2734, 'grad_norm': 28.375, 'learning_rate': 1.4383711467890776e-05, 'epoch': 1.26}
{'loss': 10.803, 'grad_norm': 21.5, 'learning_rate': 1.4360456965020168e-05, 'epoch': 1.26}
{'loss': 10.2914, 'grad_norm': 23.0, 'learning_rate': 1.4337173309438236e-05, 'epoch': 1.27}
{'loss': 10.8253, 'grad_norm': 21.875, 'learning_rate': 1.4313860656812537e-05, 'epoch': 1.27}
{'loss': 11.2149, 'grad_norm': 27.125, 'learning_rate': 1.4290519163004494e-05, 'epoch': 1.27}
{'loss': 11.0123, 'grad_norm': 27.875, 'learning_rate': 1.4267148984068359e-05, 'epoch': 1.27}
{'loss': 10.1379, 'grad_norm': 20.75, 'learning_rate': 1.4243750276250154e-05, 'epoch': 1.28}
{'loss': 10.8888, 'grad_norm': 21.5, 'learning_rate': 1.4220323195986649e-05, 'epoch': 1.28}
{'loss': 10.3538, 'grad_norm': 20.375, 'learning_rate': 1.4196867899904292e-05, 'epoch': 1.28}
{'loss': 10.9788, 'grad_norm': 28.125, 'learning_rate': 1.417338454481818e-05, 'epoch': 1.28}
{'loss': 11.33, 'grad_norm': 42.0, 'learning_rate': 1.4149873287731005e-05, 'epoch': 1.28}
{'loss': 10.6416, 'grad_norm': 25.375, 'learning_rate': 1.4126334285831997e-05, 'epoch': 1.29}
{'loss': 10.225, 'grad_norm': 31.125, 'learning_rate': 1.4102767696495885e-05, 'epoch': 1.29}
{'loss': 10.4897, 'grad_norm': 23.0, 'learning_rate': 1.4079173677281836e-05, 'epoch': 1.29}
{'loss': 10.9632, 'grad_norm': 32.5, 'learning_rate': 1.4055552385932414e-05, 'epoch': 1.29}
{'loss': 10.1428, 'grad_norm': 20.625, 'learning_rate': 1.4031903980372503e-05, 'epoch': 1.3}
{'loss': 10.3374, 'grad_norm': 25.25, 'learning_rate': 1.4008228618708273e-05, 'epoch': 1.3}
{'loss': 10.8584, 'grad_norm': 25.5, 'learning_rate': 1.398452645922611e-05, 'epoch': 1.3}

 43%|████▎     | 586/1350 [13:57<18:45,  1.47s/it]
 44%|████▍     | 600/1350 [14:17<17:27,  1.40s/it]2025-12-21 23:50:20,065 - src.distill - INFO - KD logits: 0.8113, KD hidden: 1.7500, CE: 0.5736

                                                  

 44%|████▍     | 600/1350 [14:17<17:27,  1.40s/it]2025-12-21 23:50:20,202 - src.distill - INFO - KD logits: 0.9280, KD hidden: 1.7500, CE: 0.5935

                                                  

 44%|████▍     | 600/1350 [14:18<17:27,  1.40s/it]2025-12-21 23:50:20,316 - src.distill - INFO - KD logits: 1.3067, KD hidden: 1.7500, CE: 0.5411

                                                  

 44%|████▍     | 600/1350 [14:18<17:27,  1.40s/it]2025-12-21 23:50:20,457 - src.distill - INFO - KD logits: 0.7862, KD hidden: 1.7578, CE: 0.5639

                                                  

 44%|████▍     | 600/1350 [14:18<17:27,  1.40s/it]2025-12-21 23:50:20,612 - src.distill - INFO - KD logits: 1.0070, KD hidden: 1.7500, CE: 0.6893

                                                  

 44%|████▍     | 600/1350 [14:18<17:27,  1.40s/it]2025-12-21 23:50:20,744 - src.distill - INFO - KD logits: 1.6041, KD hidden: 1.7500, CE: 0.8039

                                                  

 44%|████▍     | 600/1350 [14:18<17:27,  1.40s/it]2025-12-21 23:50:20,907 - src.distill - INFO - KD logits: 1.2591, KD hidden: 1.7422, CE: 0.6210

                                                  

 44%|████▍     | 600/1350 [14:18<17:27,  1.40s/it]2025-12-21 23:50:21,101 - src.distill - INFO - KD logits: 0.8841, KD hidden: 1.7500, CE: 0.7076

                                                  
{'loss': 10.2027, 'grad_norm': 23.875, 'learning_rate': 1.396079766039157e-05, 'epoch': 1.3}
{'loss': 10.438, 'grad_norm': 30.0, 'learning_rate': 1.39370423808483e-05, 'epoch': 1.3}
{'loss': 10.1887, 'grad_norm': 17.875, 'learning_rate': 1.3913260779416999e-05, 'epoch': 1.31}
{'loss': 10.5398, 'grad_norm': 26.75, 'learning_rate': 1.3889453015094338e-05, 'epoch': 1.31}
{'loss': 10.5119, 'grad_norm': 25.125, 'learning_rate': 1.3865619247051916e-05, 'epoch': 1.31}
{'loss': 12.1042, 'grad_norm': 42.0, 'learning_rate': 1.3841759634635177e-05, 'epoch': 1.31}
{'loss': 10.6299, 'grad_norm': 17.875, 'learning_rate': 1.3817874337362351e-05, 'epoch': 1.32}
{'loss': 10.8564, 'grad_norm': 23.125, 'learning_rate': 1.3793963514923398e-05, 'epoch': 1.32}
{'loss': 11.0261, 'grad_norm': 29.875, 'learning_rate': 1.3770027327178923e-05, 'epoch': 1.32}
{'loss': 11.6155, 'grad_norm': 26.0, 'learning_rate': 1.3746065934159123e-05, 'epoch': 1.32}
{'loss': 11.0449, 'grad_norm': 20.75, 'learning_rate': 1.3722079496062702e-05, 'epoch': 1.32}
{'loss': 10.7088, 'grad_norm': 25.75, 'learning_rate': 1.3698068173255811e-05, 'epoch': 1.33}
{'loss': 10.9731, 'grad_norm': 27.5, 'learning_rate': 1.3674032126270982e-05, 'epoch': 1.33}
{'loss': 10.8867, 'grad_norm': 31.25, 'learning_rate': 1.3649971515806033e-05, 'epoch': 1.33}
{'loss': 10.5391, 'grad_norm': 23.0, 'learning_rate': 1.3625886502723008e-05, 'epoch': 1.33}
{'loss_kd_logits': 0.8113481402397156, 'loss_kd_hidden': 1.75, 'loss_ce': 0.5735894441604614, 'epoch': 1.33}
{'loss_kd_logits': 0.9280262589454651, 'loss_kd_hidden': 1.75, 'loss_ce': 0.5935156345367432, 'epoch': 1.33}
{'loss_kd_logits': 1.3066980838775635, 'loss_kd_hidden': 1.75, 'loss_ce': 0.5410845279693604, 'epoch': 1.33}
{'loss_kd_logits': 0.7862260937690735, 'loss_kd_hidden': 1.7578125, 'loss_ce': 0.5639393329620361, 'epoch': 1.33}
{'loss_kd_logits': 1.0070469379425049, 'loss_kd_hidden': 1.75, 'loss_ce': 0.6893237233161926, 'epoch': 1.33}
{'loss_kd_logits': 1.6041100025177002, 'loss_kd_hidden': 1.75, 'loss_ce': 0.8038687705993652, 'epoch': 1.33}
{'loss_kd_logits': 1.2591196298599243, 'loss_kd_hidden': 1.7421875, 'loss_ce': 0.6209531426429749, 'epoch': 1.33}
{'loss_kd_logits': 0.8840876817703247, 'loss_kd_hidden': 1.75, 'loss_ce': 0.7075850367546082, 'epoch': 1.33}
{'loss': 10.3403, 'grad_norm': 24.0, 'learning_rate': 1.3601777248047105e-05, 'epoch': 1.34}
{'loss': 10.7296, 'grad_norm': 23.5, 'learning_rate': 1.3577643912965592e-05, 'epoch': 1.34}
{'loss': 10.8526, 'grad_norm': 30.25, 'learning_rate': 1.355348665882673e-05, 'epoch': 1.34}
{'loss': 10.6293, 'grad_norm': 29.625, 'learning_rate': 1.3529305647138689e-05, 'epoch': 1.34}
{'loss': 11.4118, 'grad_norm': 26.0, 'learning_rate': 1.3505101039568494e-05, 'epoch': 1.34}
{'loss': 10.9183, 'grad_norm': 28.75, 'learning_rate': 1.3480872997940906e-05, 'epoch': 1.35}
{'loss': 10.727, 'grad_norm': 20.875, 'learning_rate': 1.3456621684237367e-05, 'epoch': 1.35}
{'loss': 10.4945, 'grad_norm': 22.5, 'learning_rate': 1.3432347260594911e-05, 'epoch': 1.35}
{'loss': 10.5817, 'grad_norm': 26.25, 'learning_rate': 1.3408049889305075e-05, 'epoch': 1.35}
{'loss': 10.2478, 'grad_norm': 19.75, 'learning_rate': 1.3383729732812814e-05, 'epoch': 1.36}
{'loss': 10.3245, 'grad_norm': 30.75, 'learning_rate': 1.3359386953715423e-05, 'epoch': 1.36}
{'loss': 10.9234, 'grad_norm': 24.625, 'learning_rate': 1.3335021714761445e-05, 'epoch': 1.36}
{'loss': 11.5628, 'grad_norm': 23.25, 'learning_rate': 1.3310634178849583e-05, 'epoch': 1.36}
{'loss': 10.4467, 'grad_norm': 20.75, 'learning_rate': 1.3286224509027605e-05, 'epoch': 1.36}
{'loss': 10.4391, 'grad_norm': 22.375, 'learning_rate': 1.3261792868491267e-05, 'epoch': 1.37}
{'loss': 11.0093, 'grad_norm': 21.625, 'learning_rate': 1.3237339420583213e-05, 'epoch': 1.37}
{'loss': 10.501, 'grad_norm': 22.625, 'learning_rate': 1.321286432879188e-05, 'epoch': 1.37}
{'loss': 10.9054, 'grad_norm': 23.0, 'learning_rate': 1.3188367756750413e-05, 'epoch': 1.37}
{'loss': 10.5221, 'grad_norm': 24.125, 'learning_rate': 1.3163849868235566e-05, 'epoch': 1.38}
{'loss': 11.3, 'grad_norm': 33.0, 'learning_rate': 1.3139310827166613e-05, 'epoch': 1.38}
{'loss': 11.2352, 'grad_norm': 24.75, 'learning_rate': 1.3114750797604248e-05, 'epoch': 1.38}
{'loss': 10.2798, 'grad_norm': 27.75, 'learning_rate': 1.3090169943749475e-05, 'epoch': 1.38}
{'loss': 10.6712, 'grad_norm': 40.0, 'learning_rate': 1.306556842994254e-05, 'epoch': 1.38}
{'loss': 11.0351, 'grad_norm': 35.75, 'learning_rate': 1.3040946420661805e-05, 'epoch': 1.39}
{'loss': 10.6007, 'grad_norm': 23.125, 'learning_rate': 1.3016304080522657e-05, 'epoch': 1.39}
{'loss': 10.8843, 'grad_norm': 25.625, 'learning_rate': 1.2991641574276419e-05, 'epoch': 1.39}
{'loss': 11.1149, 'grad_norm': 28.125, 'learning_rate': 1.2966959066809228e-05, 'epoch': 1.39}
{'loss': 10.1661, 'grad_norm': 39.75, 'learning_rate': 1.2942256723140951e-05, 'epoch': 1.4}
{'loss': 11.4242, 'grad_norm': 25.75, 'learning_rate': 1.2917534708424074e-05, 'epoch': 1.4}
{'loss': 10.9029, 'grad_norm': 29.875, 'learning_rate': 1.2892793187942588e-05, 'epoch': 1.4}
{'loss': 10.5023, 'grad_norm': 32.25, 'learning_rate': 1.2868032327110904e-05, 'epoch': 1.4}
{'loss': 10.9705, 'grad_norm': 28.625, 'learning_rate': 1.2843252291472733e-05, 'epoch': 1.4}
{'loss': 11.2376, 'grad_norm': 23.125, 'learning_rate': 1.2818453246699981e-05, 'epoch': 1.41}
{'loss': 10.3538, 'grad_norm': 21.875, 'learning_rate': 1.2793635358591645e-05, 'epoch': 1.41}
{'loss': 10.7083, 'grad_norm': 23.0, 'learning_rate': 1.2768798793072708e-05, 'epoch': 1.41}
{'loss': 10.6862, 'grad_norm': 25.125, 'learning_rate': 1.2743943716193017e-05, 'epoch': 1.41}
{'loss': 10.6445, 'grad_norm': 39.25, 'learning_rate': 1.2719070294126183e-05, 'epoch': 1.42}
{'loss': 10.4325, 'grad_norm': 33.75, 'learning_rate': 1.2694178693168468e-05, 'epoch': 1.42}
{'loss': 11.2038, 'grad_norm': 33.0, 'learning_rate': 1.2669269079737672e-05, 'epoch': 1.42}
{'loss': 10.7465, 'grad_norm': 26.25, 'learning_rate': 1.2644341620372025e-05, 'epoch': 1.42}
{'loss': 10.8421, 'grad_norm': 29.375, 'learning_rate': 1.261939648172906e-05, 'epoch': 1.42}
{'loss': 10.757, 'grad_norm': 21.125, 'learning_rate': 1.2594433830584519e-05, 'epoch': 1.43}
{'loss': 10.6524, 'grad_norm': 24.0, 'learning_rate': 1.2569453833831222e-05, 'epoch': 1.43}
{'loss': 10.5603, 'grad_norm': 33.75, 'learning_rate': 1.2544456658477958e-05, 'epoch': 1.43}
{'loss': 10.8633, 'grad_norm': 27.875, 'learning_rate': 1.2519442471648364e-05, 'epoch': 1.43}
{'loss': 10.4772, 'grad_norm': 34.5, 'learning_rate': 1.2494411440579814e-05, 'epoch': 1.44}
{'loss': 10.6929, 'grad_norm': 28.0, 'learning_rate': 1.2469363732622298e-05, 'epoch': 1.44}
{'loss': 10.9697, 'grad_norm': 22.0, 'learning_rate': 1.2444299515237298e-05, 'epoch': 1.44}
{'loss': 10.7292, 'grad_norm': 22.0, 'learning_rate': 1.2419218955996677e-05, 'epoch': 1.44}
{'loss': 10.4506, 'grad_norm': 20.75, 'learning_rate': 1.2394122222581557e-05, 'epoch': 1.44}
{'loss_kd_logits': 0.8326594829559326, 'loss_kd_hidden': 1.75, 'loss_ce': 0.7651230692863464, 'epoch': 1.44}
{'loss_kd_logits': 0.9415532946586609, 'loss_kd_hidden': 1.7578125, 'loss_ce': 0.6367982625961304, 'epoch': 1.44}
{'loss_kd_logits': 1.0667359828948975, 'loss_kd_hidden': 1.75, 'loss_ce': 0.7627249360084534, 'epoch': 1.44}
{'loss_kd_logits': 1.3150690793991089, 'loss_kd_hidden': 1.7578125, 'loss_ce': 0.6805548667907715, 'epoch': 1.44}
{'loss_kd_logits': 0.9294334053993225, 'loss_kd_hidden': 1.7578125, 'loss_ce': 0.7175062894821167, 'epoch': 1.44}
{'loss_kd_logits': 1.0287806987762451, 'loss_kd_hidden': 1.765625, 'loss_ce': 0.9188320636749268, 'epoch': 1.44}
{'loss_kd_logits': 1.0584100484848022, 'loss_kd_hidden': 1.7578125, 'loss_ce': 0.7531306147575378, 'epoch': 1.44}
{'loss_kd_logits': 1.0121477842330933, 'loss_kd_hidden': 1.7578125, 'loss_ce': 0.5207609534263611, 'epoch': 1.44}
{'loss': 10.4838, 'grad_norm': 24.375, 'learning_rate': 1.2369009482781191e-05, 'epoch': 1.45}
{'loss': 10.6792, 'grad_norm': 34.5, 'learning_rate': 1.2343880904491846e-05, 'epoch': 1.45}
{'loss': 10.7115, 'grad_norm': 36.25, 'learning_rate': 1.2318736655715689e-05, 'epoch': 1.45}

 48%|████▊     | 654/1350 [15:34<16:15,  1.40s/it]

{'loss': 10.4804, 'grad_norm': 26.875, 'learning_rate': 1.2293576904559637e-05, 'epoch': 1.45}
{'loss': 11.0, 'grad_norm': 29.625, 'learning_rate': 1.226840181923427e-05, 'epoch': 1.46}
{'loss': 10.438, 'grad_norm': 27.25, 'learning_rate': 1.2243211568052678e-05, 'epoch': 1.46}
{'loss': 10.4669, 'grad_norm': 23.5, 'learning_rate': 1.2218006319429347e-05, 'epoch': 1.46}
{'loss': 10.4828, 'grad_norm': 27.0, 'learning_rate': 1.2192786241879033e-05, 'epoch': 1.46}
{'loss': 10.6638, 'grad_norm': 24.625, 'learning_rate': 1.2167551504015635e-05, 'epoch': 1.46}
{'loss': 10.4059, 'grad_norm': 22.625, 'learning_rate': 1.214230227455106e-05, 'epoch': 1.47}
{'loss': 10.0946, 'grad_norm': 31.5, 'learning_rate': 1.211703872229411e-05, 'epoch': 1.47}
{'loss': 10.5349, 'grad_norm': 37.75, 'learning_rate': 1.2091761016149337e-05, 'epoch': 1.47}
{'loss': 10.7459, 'grad_norm': 20.875, 'learning_rate': 1.2066469325115927e-05, 'epoch': 1.47}
{'loss': 10.4809, 'grad_norm': 26.375, 'learning_rate': 1.2041163818286558e-05, 'epoch': 1.48}
{'loss': 10.2543, 'grad_norm': 21.5, 'learning_rate': 1.201584466484629e-05, 'epoch': 1.48}
{'loss': 11.3152, 'grad_norm': 26.625, 'learning_rate': 1.1990512034071407e-05, 'epoch': 1.48}
{'loss': 10.7618, 'grad_norm': 26.75, 'learning_rate': 1.1965166095328302e-05, 'epoch': 1.48}
{'loss': 11.4502, 'grad_norm': 21.0, 'learning_rate': 1.1939807018072345e-05, 'epoch': 1.48}
{'loss': 10.5642, 'grad_norm': 31.75, 'learning_rate': 1.1914434971846742e-05, 'epoch': 1.49}
{'loss': 10.3939, 'grad_norm': 23.75, 'learning_rate': 1.1889050126281405e-05, 'epoch': 1.49}
{'loss': 10.5504, 'grad_norm': 23.75, 'learning_rate': 1.1863652651091824e-05, 'epoch': 1.49}
{'loss': 10.687, 'grad_norm': 30.75, 'learning_rate': 1.1838242716077916e-05, 'epoch': 1.49}
{'loss': 10.3207, 'grad_norm': 26.375, 'learning_rate': 1.1812820491122918e-05, 'epoch': 1.5}
{'loss': 10.326, 'grad_norm': 32.25, 'learning_rate': 1.1787386146192217e-05, 'epoch': 1.5}
{'loss': 11.2988, 'grad_norm': 23.25, 'learning_rate': 1.1761939851332241e-05, 'epoch': 1.5}
{'loss': 10.8884, 'grad_norm': 24.375, 'learning_rate': 1.1736481776669307e-05, 'epoch': 1.5}
{'loss': 10.6781, 'grad_norm': 22.375, 'learning_rate': 1.1711012092408485e-05, 'epoch': 1.5}
{'loss': 10.421, 'grad_norm': 18.0, 'learning_rate': 1.1685530968832474e-05, 'epoch': 1.51}
{'loss': 10.9759, 'grad_norm': 18.125, 'learning_rate': 1.1660038576300444e-05, 'epoch': 1.51}
{'loss': 11.1022, 'grad_norm': 20.5, 'learning_rate': 1.1634535085246903e-05, 'epoch': 1.51}
{'loss': 11.6349, 'grad_norm': 21.0, 'learning_rate': 1.1609020666180574e-05, 'epoch': 1.51}
{'loss': 10.7314, 'grad_norm': 21.875, 'learning_rate': 1.158349548968323e-05, 'epoch': 1.52}
{'loss': 10.1072, 'grad_norm': 19.625, 'learning_rate': 1.1557959726408567e-05, 'epoch': 1.52}
{'loss': 10.3743, 'grad_norm': 20.25, 'learning_rate': 1.1532413547081063e-05, 'epoch': 1.52}
{'loss': 10.9759, 'grad_norm': 34.0, 'learning_rate': 1.1506857122494832e-05, 'epoch': 1.52}
{'loss': 10.4009, 'grad_norm': 16.875, 'learning_rate': 1.1481290623512491e-05, 'epoch': 1.52}
{'loss': 10.43, 'grad_norm': 23.25, 'learning_rate': 1.1455714221064001e-05, 'epoch': 1.53}
{'loss': 10.3599, 'grad_norm': 23.125, 'learning_rate': 1.1430128086145542e-05, 'epoch': 1.53}
{'loss': 10.7271, 'grad_norm': 19.0, 'learning_rate': 1.1404532389818365e-05, 'epoch': 1.53}
{'loss': 10.8, 'grad_norm': 20.75, 'learning_rate': 1.1378927303207637e-05, 'epoch': 1.53}
{'loss': 10.716, 'grad_norm': 26.375, 'learning_rate': 1.1353312997501313e-05, 'epoch': 1.54}
{'loss': 10.4961, 'grad_norm': 18.625, 'learning_rate': 1.1327689643948978e-05, 'epoch': 1.54}
{'loss': 10.3385, 'grad_norm': 20.625, 'learning_rate': 1.1302057413860717e-05, 'epoch': 1.54}
{'loss': 10.4195, 'grad_norm': 23.125, 'learning_rate': 1.127641647860595e-05, 'epoch': 1.54}
{'loss': 10.7524, 'grad_norm': 18.875, 'learning_rate': 1.12507670096123e-05, 'epoch': 1.54}
{'loss': 10.2597, 'grad_norm': 24.75, 'learning_rate': 1.1225109178364456e-05, 'epoch': 1.55}
{'loss': 10.5166, 'grad_norm': 21.625, 'learning_rate': 1.1199443156402998e-05, 'epoch': 1.55}
{'loss': 11.523, 'grad_norm': 21.0, 'learning_rate': 1.1173769115323276e-05, 'epoch': 1.55}
{'loss': 10.096, 'grad_norm': 22.75, 'learning_rate': 1.1148087226774251e-05, 'epoch': 1.55}
{'loss': 10.5956, 'grad_norm': 21.625, 'learning_rate': 1.1122397662457352e-05, 'epoch': 1.56}
{'loss_kd_logits': 0.8546921014785767, 'loss_kd_hidden': 1.75, 'loss_ce': 0.694256603717804, 'epoch': 1.56}
{'loss_kd_logits': 1.1252245903015137, 'loss_kd_hidden': 1.7421875, 'loss_ce': 0.7375362515449524, 'epoch': 1.56}
{'loss_kd_logits': 0.8239369988441467, 'loss_kd_hidden': 1.75, 'loss_ce': 0.6749052405357361, 'epoch': 1.56}
{'loss_kd_logits': 0.9061773419380188, 'loss_kd_hidden': 1.75, 'loss_ce': 0.9426620006561279, 'epoch': 1.56}
{'loss_kd_logits': 0.7746503949165344, 'loss_kd_hidden': 1.7421875, 'loss_ce': 0.4852568209171295, 'epoch': 1.56}
{'loss_kd_logits': 0.8762709498405457, 'loss_kd_hidden': 1.7578125, 'loss_ce': 0.6838464736938477, 'epoch': 1.56}
{'loss_kd_logits': 1.1513863801956177, 'loss_kd_hidden': 1.7578125, 'loss_ce': 0.7018218040466309, 'epoch': 1.56}
{'loss_kd_logits': 0.9365938901901245, 'loss_kd_hidden': 1.75, 'loss_ce': 0.8262856006622314, 'epoch': 1.56}
{'loss': 10.0978, 'grad_norm': 17.5, 'learning_rate': 1.1096700594125318e-05, 'epoch': 1.56}
{'loss': 10.7448, 'grad_norm': 19.625, 'learning_rate': 1.1070996193581068e-05, 'epoch': 1.56}
{'loss': 10.9573, 'grad_norm': 23.625, 'learning_rate': 1.1045284632676535e-05, 'epoch': 1.56}
{'loss': 10.7779, 'grad_norm': 21.5, 'learning_rate': 1.101956608331153e-05, 'epoch': 1.56}
{'loss': 10.3056, 'grad_norm': 20.125, 'learning_rate': 1.0993840717432582e-05, 'epoch': 1.57}
{'loss': 10.4193, 'grad_norm': 20.125, 'learning_rate': 1.0968108707031792e-05, 'epoch': 1.57}
{'loss': 10.2226, 'grad_norm': 24.625, 'learning_rate': 1.094237022414569e-05, 'epoch': 1.57}
{'loss': 10.5131, 'grad_norm': 23.5, 'learning_rate': 1.0916625440854074e-05, 'epoch': 1.57}
{'loss': 10.2615, 'grad_norm': 22.375, 'learning_rate': 1.0890874529278866e-05, 'epoch': 1.58}
{'loss': 10.5979, 'grad_norm': 24.5, 'learning_rate': 1.0865117661582958e-05, 'epoch': 1.58}
{'loss': 10.4115, 'grad_norm': 21.75, 'learning_rate': 1.0839355009969068e-05, 'epoch': 1.58}
{'loss': 10.1308, 'grad_norm': 22.25, 'learning_rate': 1.0813586746678584e-05, 'epoch': 1.58}
{'loss': 10.9487, 'grad_norm': 18.375, 'learning_rate': 1.0787813043990405e-05, 'epoch': 1.58}
{'loss': 11.0295, 'grad_norm': 23.875, 'learning_rate': 1.0762034074219798e-05, 'epoch': 1.59}
{'loss': 11.0282, 'grad_norm': 19.125, 'learning_rate': 1.0736250009717249e-05, 'epoch': 1.59}
{'loss': 11.0258, 'grad_norm': 20.375, 'learning_rate': 1.0710461022867303e-05, 'epoch': 1.59}
{'loss': 10.4276, 'grad_norm': 23.25, 'learning_rate': 1.0684667286087408e-05, 'epoch': 1.59}
{'loss': 10.3548, 'grad_norm': 22.875, 'learning_rate': 1.0658868971826785e-05, 'epoch': 1.6}
{'loss': 10.7193, 'grad_norm': 18.625, 'learning_rate': 1.0633066252565244e-05, 'epoch': 1.6}
{'loss': 10.6556, 'grad_norm': 19.75, 'learning_rate': 1.0607259300812047e-05, 'epoch': 1.6}
{'loss': 10.4039, 'grad_norm': 26.75, 'learning_rate': 1.0581448289104759e-05, 'epoch': 1.6}
{'loss': 11.0848, 'grad_norm': 21.75, 'learning_rate': 1.0555633390008087e-05, 'epoch': 1.6}
{'loss': 10.7938, 'grad_norm': 18.5, 'learning_rate': 1.0529814776112724e-05, 'epoch': 1.61}
{'loss': 10.7843, 'grad_norm': 23.25, 'learning_rate': 1.0503992620034202e-05, 'epoch': 1.61}
{'loss': 10.9082, 'grad_norm': 19.125, 'learning_rate': 1.0478167094411733e-05, 'epoch': 1.61}
{'loss': 10.5676, 'grad_norm': 23.25, 'learning_rate': 1.0452338371907065e-05, 'epoch': 1.61}
{'loss': 11.083, 'grad_norm': 25.625, 'learning_rate': 1.0426506625203308e-05, 'epoch': 1.62}
{'loss': 10.6734, 'grad_norm': 26.625, 'learning_rate': 1.0400672027003795e-05, 'epoch': 1.62}
{'loss': 9.9809, 'grad_norm': 18.5, 'learning_rate': 1.0374834750030928e-05, 'epoch': 1.62}
{'loss': 10.7275, 'grad_norm': 22.5, 'learning_rate': 1.0348994967025012e-05, 'epoch': 1.62}

 54%|█████▍    | 731/1350 [17:25<14:49,  1.44s/it]
 59%|█████▉    | 800/1350 [19:05<12:53,  1.41s/it]2025-12-21 23:55:08,037 - src.distill - INFO - KD logits: 1.0009, KD hidden: 1.7500, CE: 1.0659

                                                  

 59%|█████▉    | 800/1350 [19:05<12:53,  1.41s/it]2025-12-21 23:55:08,208 - src.distill - INFO - KD logits: 1.4293, KD hidden: 1.7578, CE: 0.8455

                                                  

 59%|█████▉    | 800/1350 [19:06<12:53,  1.41s/it]2025-12-21 23:55:08,409 - src.distill - INFO - KD logits: 0.9808, KD hidden: 1.7500, CE: 0.8606

                                                  

 59%|█████▉    | 800/1350 [19:06<12:53,  1.41s/it]2025-12-21 23:55:08,588 - src.distill - INFO - KD logits: 0.8417, KD hidden: 1.7500, CE: 0.7487

                                                  

 59%|█████▉    | 800/1350 [19:06<12:53,  1.41s/it]2025-12-21 23:55:08,745 - src.distill - INFO - KD logits: 1.1290, KD hidden: 1.7422, CE: 0.6236

                                                  

 59%|█████▉    | 800/1350 [19:06<12:53,  1.41s/it]2025-12-21 23:55:08,872 - src.distill - INFO - KD logits: 0.8042, KD hidden: 1.7500, CE: 0.4944

                                                  

 59%|█████▉    | 800/1350 [19:06<12:53,  1.41s/it]2025-12-21 23:55:09,016 - src.distill - INFO - KD logits: 1.1523, KD hidden: 1.7422, CE: 0.8362

                                                  
{'loss': 10.8663, 'grad_norm': 22.125, 'learning_rate': 1.0323152850743107e-05, 'epoch': 1.62}
{'loss': 10.6536, 'grad_norm': 18.375, 'learning_rate': 1.0297308573957881e-05, 'epoch': 1.63}
{'loss': 10.5833, 'grad_norm': 26.75, 'learning_rate': 1.027146230945643e-05, 'epoch': 1.63}
{'loss': 11.2137, 'grad_norm': 24.625, 'learning_rate': 1.024561423003916e-05, 'epoch': 1.63}
{'loss': 10.1389, 'grad_norm': 22.875, 'learning_rate': 1.0219764508518595e-05, 'epoch': 1.63}
{'loss': 10.2795, 'grad_norm': 23.75, 'learning_rate': 1.0193913317718245e-05, 'epoch': 1.64}
{'loss': 11.0707, 'grad_norm': 22.625, 'learning_rate': 1.016806083047144e-05, 'epoch': 1.64}
{'loss': 10.4263, 'grad_norm': 23.625, 'learning_rate': 1.014220721962018e-05, 'epoch': 1.64}
{'loss': 10.7661, 'grad_norm': 22.25, 'learning_rate': 1.0116352658013973e-05, 'epoch': 1.64}
{'loss': 10.842, 'grad_norm': 26.375, 'learning_rate': 1.0090497318508687e-05, 'epoch': 1.64}
{'loss': 10.9004, 'grad_norm': 22.125, 'learning_rate': 1.0064641373965394e-05, 'epoch': 1.65}
{'loss': 10.8349, 'grad_norm': 22.875, 'learning_rate': 1.0038784997249205e-05, 'epoch': 1.65}
{'loss': 10.8247, 'grad_norm': 21.125, 'learning_rate': 1.001292836122812e-05, 'epoch': 1.65}
{'loss': 10.7353, 'grad_norm': 21.875, 'learning_rate': 9.98707163877188e-06, 'epoch': 1.65}
{'loss': 10.6087, 'grad_norm': 29.0, 'learning_rate': 9.961215002750799e-06, 'epoch': 1.66}
{'loss': 10.7942, 'grad_norm': 22.25, 'learning_rate': 9.935358626034607e-06, 'epoch': 1.66}
{'loss': 10.6844, 'grad_norm': 27.875, 'learning_rate': 9.909502681491316e-06, 'epoch': 1.66}
{'loss': 11.1044, 'grad_norm': 19.125, 'learning_rate': 9.883647341986032e-06, 'epoch': 1.66}
{'loss': 10.3718, 'grad_norm': 29.25, 'learning_rate': 9.857792780379825e-06, 'epoch': 1.66}
{'loss': 11.0626, 'grad_norm': 20.75, 'learning_rate': 9.831939169528565e-06, 'epoch': 1.67}
{'loss_kd_logits': 1.0057958364486694, 'loss_kd_hidden': 1.75, 'loss_ce': 0.8194516897201538, 'epoch': 1.67}
{'loss_kd_logits': 1.1148186922073364, 'loss_kd_hidden': 1.75, 'loss_ce': 0.6359668374061584, 'epoch': 1.67}
{'loss_kd_logits': 1.1889264583587646, 'loss_kd_hidden': 1.75, 'loss_ce': 0.5621246695518494, 'epoch': 1.67}
{'loss_kd_logits': 1.1652158498764038, 'loss_kd_hidden': 1.75, 'loss_ce': 0.835354745388031, 'epoch': 1.67}
{'loss_kd_logits': 0.8512043356895447, 'loss_kd_hidden': 1.75, 'loss_ce': 0.7437328696250916, 'epoch': 1.67}
{'loss_kd_logits': 0.7504087090492249, 'loss_kd_hidden': 1.7578125, 'loss_ce': 0.6848121285438538, 'epoch': 1.67}
{'loss_kd_logits': 1.3245757818222046, 'loss_kd_hidden': 1.7578125, 'loss_ce': 0.8977193236351013, 'epoch': 1.67}
{'loss_kd_logits': 0.954774796962738, 'loss_kd_hidden': 1.75, 'loss_ce': 0.8281353116035461, 'epoch': 1.67}
{'loss': 10.6854, 'grad_norm': 20.625, 'learning_rate': 9.806086682281759e-06, 'epoch': 1.67}
{'loss': 11.274, 'grad_norm': 19.875, 'learning_rate': 9.780235491481407e-06, 'epoch': 1.67}
{'loss': 11.4144, 'grad_norm': 29.0, 'learning_rate': 9.75438576996084e-06, 'epoch': 1.67}
{'loss': 10.2972, 'grad_norm': 22.5, 'learning_rate': 9.728537690543573e-06, 'epoch': 1.68}
{'loss': 10.3475, 'grad_norm': 20.5, 'learning_rate': 9.702691426042124e-06, 'epoch': 1.68}
{'loss': 10.1912, 'grad_norm': 21.25, 'learning_rate': 9.676847149256894e-06, 'epoch': 1.68}
{'loss': 10.6726, 'grad_norm': 19.75, 'learning_rate': 9.651005032974994e-06, 'epoch': 1.68}
{'loss': 10.8281, 'grad_norm': 23.625, 'learning_rate': 9.625165249969075e-06, 'epoch': 1.68}
{'loss': 10.5759, 'grad_norm': 24.75, 'learning_rate': 9.599327972996206e-06, 'epoch': 1.69}
{'loss': 10.7735, 'grad_norm': 24.625, 'learning_rate': 9.573493374796694e-06, 'epoch': 1.69}
{'loss': 10.8887, 'grad_norm': 22.375, 'learning_rate': 9.547661628092938e-06, 'epoch': 1.69}
{'loss': 10.5999, 'grad_norm': 24.375, 'learning_rate': 9.521832905588267e-06, 'epoch': 1.69}
{'loss': 10.9797, 'grad_norm': 21.75, 'learning_rate': 9.496007379965801e-06, 'epoch': 1.7}
{'loss': 10.6334, 'grad_norm': 20.75, 'learning_rate': 9.470185223887281e-06, 'epoch': 1.7}
{'loss': 10.4046, 'grad_norm': 20.875, 'learning_rate': 9.444366609991916e-06, 'epoch': 1.7}
{'loss': 11.101, 'grad_norm': 29.625, 'learning_rate': 9.418551710895243e-06, 'epoch': 1.7}
{'loss': 10.9333, 'grad_norm': 20.875, 'learning_rate': 9.392740699187953e-06, 'epoch': 1.7}
{'loss': 10.7905, 'grad_norm': 20.625, 'learning_rate': 9.366933747434758e-06, 'epoch': 1.71}
{'loss': 10.8059, 'grad_norm': 21.5, 'learning_rate': 9.341131028173215e-06, 'epoch': 1.71}
{'loss': 11.7495, 'grad_norm': 26.875, 'learning_rate': 9.315332713912593e-06, 'epoch': 1.71}
{'loss': 10.388, 'grad_norm': 25.25, 'learning_rate': 9.289538977132702e-06, 'epoch': 1.71}
{'loss': 10.1645, 'grad_norm': 25.625, 'learning_rate': 9.263749990282753e-06, 'epoch': 1.72}
{'loss': 10.1245, 'grad_norm': 19.0, 'learning_rate': 9.237965925780207e-06, 'epoch': 1.72}
{'loss': 10.5147, 'grad_norm': 20.875, 'learning_rate': 9.212186956009599e-06, 'epoch': 1.72}
{'loss': 11.0617, 'grad_norm': 18.0, 'learning_rate': 9.18641325332142e-06, 'epoch': 1.72}
{'loss': 10.6163, 'grad_norm': 20.75, 'learning_rate': 9.160644990030932e-06, 'epoch': 1.72}
{'loss': 10.8738, 'grad_norm': 21.5, 'learning_rate': 9.134882338417046e-06, 'epoch': 1.73}
{'loss': 10.9479, 'grad_norm': 34.75, 'learning_rate': 9.109125470721141e-06, 'epoch': 1.73}
{'loss': 10.4015, 'grad_norm': 19.75, 'learning_rate': 9.08337455914593e-06, 'epoch': 1.73}
{'loss': 9.9445, 'grad_norm': 33.25, 'learning_rate': 9.057629775854314e-06, 'epoch': 1.73}
{'loss': 11.3339, 'grad_norm': 20.625, 'learning_rate': 9.03189129296821e-06, 'epoch': 1.74}
{'loss': 10.553, 'grad_norm': 21.125, 'learning_rate': 9.006159282567421e-06, 'epoch': 1.74}
{'loss': 11.3696, 'grad_norm': 25.125, 'learning_rate': 8.98043391668847e-06, 'epoch': 1.74}
{'loss': 10.6667, 'grad_norm': 19.75, 'learning_rate': 8.954715367323468e-06, 'epoch': 1.74}
{'loss': 10.3799, 'grad_norm': 24.875, 'learning_rate': 8.929003806418934e-06, 'epoch': 1.74}
{'loss': 10.6871, 'grad_norm': 26.625, 'learning_rate': 8.903299405874685e-06, 'epoch': 1.75}
{'loss': 10.6497, 'grad_norm': 30.25, 'learning_rate': 8.877602337542655e-06, 'epoch': 1.75}
{'loss': 9.8956, 'grad_norm': 17.5, 'learning_rate': 8.85191277322575e-06, 'epoch': 1.75}
{'loss': 10.8111, 'grad_norm': 19.25, 'learning_rate': 8.826230884676727e-06, 'epoch': 1.75}
{'loss': 10.5138, 'grad_norm': 21.0, 'learning_rate': 8.800556843597002e-06, 'epoch': 1.76}
{'loss': 10.4408, 'grad_norm': 20.25, 'learning_rate': 8.774890821635548e-06, 'epoch': 1.76}
{'loss': 11.0745, 'grad_norm': 19.75, 'learning_rate': 8.7492329903877e-06, 'epoch': 1.76}
{'loss': 10.3511, 'grad_norm': 30.625, 'learning_rate': 8.723583521394054e-06, 'epoch': 1.76}
{'loss': 10.462, 'grad_norm': 23.375, 'learning_rate': 8.69794258613929e-06, 'epoch': 1.76}
{'loss': 10.2024, 'grad_norm': 19.0, 'learning_rate': 8.672310356051023e-06, 'epoch': 1.77}
{'loss': 11.1333, 'grad_norm': 21.5, 'learning_rate': 8.646687002498692e-06, 'epoch': 1.77}
{'loss': 10.8958, 'grad_norm': 21.125, 'learning_rate': 8.621072696792363e-06, 'epoch': 1.77}
{'loss': 10.6201, 'grad_norm': 35.25, 'learning_rate': 8.595467610181638e-06, 'epoch': 1.77}
{'loss': 10.5015, 'grad_norm': 23.0, 'learning_rate': 8.569871913854458e-06, 'epoch': 1.78}
{'loss': 11.4254, 'grad_norm': 27.875, 'learning_rate': 8.544285778936004e-06, 'epoch': 1.78}
{'loss_kd_logits': 1.0008846521377563, 'loss_kd_hidden': 1.75, 'loss_ce': 1.0658760070800781, 'epoch': 1.78}
{'loss_kd_logits': 1.429321050643921, 'loss_kd_hidden': 1.7578125, 'loss_ce': 0.8455348014831543, 'epoch': 1.78}
{'loss_kd_logits': 0.9808233976364136, 'loss_kd_hidden': 1.75, 'loss_ce': 0.8606117963790894, 'epoch': 1.78}
{'loss_kd_logits': 0.8416942954063416, 'loss_kd_hidden': 1.75, 'loss_ce': 0.7487474083900452, 'epoch': 1.78}
{'loss_kd_logits': 1.129011869430542, 'loss_kd_hidden': 1.7421875, 'loss_ce': 0.6235842704772949, 'epoch': 1.78}
{'loss_kd_logits': 0.8041523098945618, 'loss_kd_hidden': 1.75, 'loss_ce': 0.4944476783275604, 'epoch': 1.78}
{'loss_kd_logits': 1.152286171913147, 'loss_kd_hidden': 1.7421875, 'loss_ce': 0.8361508846282959, 'epoch': 1.78}

 59%|█████▉    | 800/1350 [19:06<12:53,  1.41s/it]2025-12-21 23:55:09,213 - src.distill - INFO - KD logits: 0.8115, KD hidden: 1.7500, CE: 0.4935
                                                  
{'loss_kd_logits': 0.8114857077598572, 'loss_kd_hidden': 1.75, 'loss_ce': 0.49349555373191833, 'epoch': 1.78}
{'loss': 10.5571, 'grad_norm': 26.625, 'learning_rate': 8.518709376487515e-06, 'epoch': 1.78}
{'loss': 11.1066, 'grad_norm': 25.625, 'learning_rate': 8.49314287750517e-06, 'epoch': 1.78}
{'loss': 11.3538, 'grad_norm': 23.25, 'learning_rate': 8.467586452918942e-06, 'epoch': 1.78}
{'loss': 11.4982, 'grad_norm': 31.625, 'learning_rate': 8.442040273591436e-06, 'epoch': 1.79}
{'loss': 11.3178, 'grad_norm': 23.5, 'learning_rate': 8.416504510316774e-06, 'epoch': 1.79}
{'loss': 10.7765, 'grad_norm': 23.125, 'learning_rate': 8.390979333819427e-06, 'epoch': 1.79}
{'loss': 10.0407, 'grad_norm': 19.875, 'learning_rate': 8.3654649147531e-06, 'epoch': 1.79}
{'loss': 10.9688, 'grad_norm': 25.5, 'learning_rate': 8.339961423699563e-06, 'epoch': 1.8}
{'loss': 9.578, 'grad_norm': 26.5, 'learning_rate': 8.31446903116753e-06, 'epoch': 1.8}
{'loss': 10.4481, 'grad_norm': 30.0, 'learning_rate': 8.28898790759152e-06, 'epoch': 1.8}
{'loss': 10.9683, 'grad_norm': 23.25, 'learning_rate': 8.263518223330698e-06, 'epoch': 1.8}
{'loss': 10.1003, 'grad_norm': 20.875, 'learning_rate': 8.238060148667762e-06, 'epoch': 1.8}
{'loss': 10.4205, 'grad_norm': 21.75, 'learning_rate': 8.212613853807783e-06, 'epoch': 1.81}
{'loss': 10.7935, 'grad_norm': 22.25, 'learning_rate': 8.187179508877086e-06, 'epoch': 1.81}
{'loss': 10.3681, 'grad_norm': 19.5, 'learning_rate': 8.161757283922084e-06, 'epoch': 1.81}
{'loss': 10.8857, 'grad_norm': 21.0, 'learning_rate': 8.13634734890818e-06, 'epoch': 1.81}
{'loss': 10.7189, 'grad_norm': 27.0, 'learning_rate': 8.1109498737186e-06, 'epoch': 1.82}
{'loss': 11.0251, 'grad_norm': 27.875, 'learning_rate': 8.085565028153261e-06, 'epoch': 1.82}
{'loss': 9.9772, 'grad_norm': 21.75, 'learning_rate': 8.060192981927656e-06, 'epoch': 1.82}
{'loss': 10.1009, 'grad_norm': 19.375, 'learning_rate': 8.034833904671698e-06, 'epoch': 1.82}
{'loss': 9.8863, 'grad_norm': 21.25, 'learning_rate': 8.009487965928597e-06, 'epoch': 1.82}
{'loss': 10.682, 'grad_norm': 21.75, 'learning_rate': 7.984155335153711e-06, 'epoch': 1.83}
{'loss': 11.0859, 'grad_norm': 23.5, 'learning_rate': 7.958836181713445e-06, 'epoch': 1.83}
{'loss': 10.4926, 'grad_norm': 21.75, 'learning_rate': 7.93353067488408e-06, 'epoch': 1.83}
{'loss': 10.4798, 'grad_norm': 27.0, 'learning_rate': 7.908238983850666e-06, 'epoch': 1.83}
{'loss': 9.7541, 'grad_norm': 18.75, 'learning_rate': 7.882961277705897e-06, 'epoch': 1.84}
{'loss': 9.9539, 'grad_norm': 29.625, 'learning_rate': 7.857697725448941e-06, 'epoch': 1.84}
{'loss': 9.8638, 'grad_norm': 17.0, 'learning_rate': 7.832448495984368e-06, 'epoch': 1.84}
{'loss': 10.6442, 'grad_norm': 21.875, 'learning_rate': 7.807213758120965e-06, 'epoch': 1.84}
{'loss': 10.8281, 'grad_norm': 22.5, 'learning_rate': 7.781993680570656e-06, 'epoch': 1.84}
{'loss': 10.3191, 'grad_norm': 29.625, 'learning_rate': 7.756788431947327e-06, 'epoch': 1.85}
{'loss': 11.0137, 'grad_norm': 24.625, 'learning_rate': 7.731598180765732e-06, 'epoch': 1.85}
{'loss': 10.2692, 'grad_norm': 21.0, 'learning_rate': 7.706423095440367e-06, 'epoch': 1.85}
{'loss': 11.0042, 'grad_norm': 24.125, 'learning_rate': 7.681263344284315e-06, 'epoch': 1.85}
{'loss': 10.4502, 'grad_norm': 36.75, 'learning_rate': 7.656119095508155e-06, 'epoch': 1.86}
{'loss': 10.8588, 'grad_norm': 36.25, 'learning_rate': 7.630990517218809e-06, 'epoch': 1.86}
{'loss': 10.6538, 'grad_norm': 35.0, 'learning_rate': 7.605877777418444e-06, 'epoch': 1.86}
{'loss': 10.8444, 'grad_norm': 26.75, 'learning_rate': 7.580781044003324e-06, 'epoch': 1.86}
{'loss': 9.9602, 'grad_norm': 20.625, 'learning_rate': 7.555700484762703e-06, 'epoch': 1.86}
{'loss': 10.4866, 'grad_norm': 21.625, 'learning_rate': 7.530636267377706e-06, 'epoch': 1.87}
{'loss': 11.1088, 'grad_norm': 25.125, 'learning_rate': 7.505588559420188e-06, 'epoch': 1.87}
{'loss': 11.1581, 'grad_norm': 19.875, 'learning_rate': 7.480557528351638e-06, 'epoch': 1.87}
{'loss': 10.479, 'grad_norm': 21.375, 'learning_rate': 7.455543341522042e-06, 'epoch': 1.87}
{'loss': 10.2072, 'grad_norm': 19.5, 'learning_rate': 7.430546166168781e-06, 'epoch': 1.88}
{'loss': 10.4662, 'grad_norm': 23.0, 'learning_rate': 7.405566169415481e-06, 'epoch': 1.88}
{'loss': 10.1932, 'grad_norm': 23.0, 'learning_rate': 7.380603518270942e-06, 'epoch': 1.88}
{'loss': 10.1317, 'grad_norm': 20.75, 'learning_rate': 7.355658379627981e-06, 'epoch': 1.88}
{'loss': 10.5721, 'grad_norm': 20.5, 'learning_rate': 7.33073092026233e-06, 'epoch': 1.88}
{'loss': 10.1895, 'grad_norm': 24.375, 'learning_rate': 7.305821306831538e-06, 'epoch': 1.89}
{'loss': 10.4055, 'grad_norm': 24.75, 'learning_rate': 7.280929705873818e-06, 'epoch': 1.89}
{'loss_kd_logits': 1.1844075918197632, 'loss_kd_hidden': 1.75, 'loss_ce': 0.5519388318061829, 'epoch': 1.89}
{'loss_kd_logits': 1.7573790550231934, 'loss_kd_hidden': 1.75, 'loss_ce': 0.7977347373962402, 'epoch': 1.89}
{'loss_kd_logits': 1.1368615627288818, 'loss_kd_hidden': 1.75, 'loss_ce': 0.5670459866523743, 'epoch': 1.89}
{'loss_kd_logits': 0.9961307644844055, 'loss_kd_hidden': 1.75, 'loss_ce': 0.7061547636985779, 'epoch': 1.89}
{'loss_kd_logits': 0.8990679383277893, 'loss_kd_hidden': 1.75, 'loss_ce': 0.47296783328056335, 'epoch': 1.89}
{'loss_kd_logits': 1.0802382230758667, 'loss_kd_hidden': 1.7421875, 'loss_ce': 0.7801969647407532, 'epoch': 1.89}
{'loss_kd_logits': 1.1602609157562256, 'loss_kd_hidden': 1.75, 'loss_ce': 0.5644120573997498, 'epoch': 1.89}
{'loss_kd_logits': 0.8408913016319275, 'loss_kd_hidden': 1.75, 'loss_ce': 0.5988529324531555, 'epoch': 1.89}
{'loss': 10.5453, 'grad_norm': 27.0, 'learning_rate': 7.256056283806987e-06, 'epoch': 1.89}
{'loss': 10.9733, 'grad_norm': 21.0, 'learning_rate': 7.231201206927293e-06, 'epoch': 1.89}
{'loss': 10.1051, 'grad_norm': 32.5, 'learning_rate': 7.206364641408358e-06, 'epoch': 1.9}
{'loss': 11.3989, 'grad_norm': 28.875, 'learning_rate': 7.181546753300024e-06, 'epoch': 1.9}
{'loss': 10.3449, 'grad_norm': 23.125, 'learning_rate': 7.15674770852727e-06, 'epoch': 1.9}
{'loss': 11.5764, 'grad_norm': 27.625, 'learning_rate': 7.131967672889101e-06, 'epoch': 1.9}
{'loss': 10.3677, 'grad_norm': 20.25, 'learning_rate': 7.1072068120574145e-06, 'epoch': 1.9}
{'loss': 10.1223, 'grad_norm': 16.875, 'learning_rate': 7.082465291575928e-06, 'epoch': 1.91}
{'loss': 10.5809, 'grad_norm': 26.25, 'learning_rate': 7.057743276859048e-06, 'epoch': 1.91}
{'loss': 10.2529, 'grad_norm': 18.0, 'learning_rate': 7.033040933190776e-06, 'epoch': 1.91}
{'loss': 10.6519, 'grad_norm': 26.25, 'learning_rate': 7.008358425723586e-06, 'epoch': 1.91}
{'loss': 10.4436, 'grad_norm': 22.5, 'learning_rate': 6.983695919477346e-06, 'epoch': 1.92}
{'loss': 10.5876, 'grad_norm': 19.625, 'learning_rate': 6.959053579338202e-06, 'epoch': 1.92}
{'loss': 10.8342, 'grad_norm': 19.75, 'learning_rate': 6.934431570057463e-06, 'epoch': 1.92}
{'loss': 10.6206, 'grad_norm': 21.125, 'learning_rate': 6.909830056250527e-06, 'epoch': 1.92}
{'loss': 9.9625, 'grad_norm': 18.375, 'learning_rate': 6.885249202395754e-06, 'epoch': 1.92}
{'loss': 10.6207, 'grad_norm': 25.125, 'learning_rate': 6.860689172833388e-06, 'epoch': 1.93}
{'loss': 10.7179, 'grad_norm': 18.125, 'learning_rate': 6.836150131764434e-06, 'epoch': 1.93}
{'loss': 10.8917, 'grad_norm': 19.5, 'learning_rate': 6.8116322432495904e-06, 'epoch': 1.93}
{'loss': 10.5307, 'grad_norm': 18.875, 'learning_rate': 6.787135671208126e-06, 'epoch': 1.93}
{'loss': 11.0848, 'grad_norm': 17.75, 'learning_rate': 6.762660579416791e-06, 'epoch': 1.94}
{'loss': 10.7007, 'grad_norm': 19.875, 'learning_rate': 6.738207131508735e-06, 'epoch': 1.94}
{'loss': 10.1669, 'grad_norm': 17.75, 'learning_rate': 6.713775490972396e-06, 'epoch': 1.94}
{'loss': 10.7619, 'grad_norm': 23.625, 'learning_rate': 6.689365821150421e-06, 'epoch': 1.94}
{'loss': 10.1767, 'grad_norm': 19.375, 'learning_rate': 6.6649782852385554e-06, 'epoch': 1.94}
{'loss': 9.7212, 'grad_norm': 25.125, 'learning_rate': 6.640613046284581e-06, 'epoch': 1.95}
{'loss': 10.9515, 'grad_norm': 24.625, 'learning_rate': 6.61627026718719e-06, 'epoch': 1.95}

 65%|██████▌   | 878/1350 [20:55<11:28,  1.46s/it]
                                                  
{'loss': 10.7675, 'grad_norm': 26.75, 'learning_rate': 6.591950110694928e-06, 'epoch': 1.95}
{'loss': 10.9228, 'grad_norm': 20.625, 'learning_rate': 6.567652739405092e-06, 'epoch': 1.95}
{'loss': 10.6181, 'grad_norm': 20.125, 'learning_rate': 6.543378315762634e-06, 'epoch': 1.96}
{'loss': 10.6762, 'grad_norm': 18.375, 'learning_rate': 6.519127002059096e-06, 'epoch': 1.96}
{'loss': 10.2431, 'grad_norm': 18.0, 'learning_rate': 6.4948989604315064e-06, 'epoch': 1.96}
{'loss': 10.2344, 'grad_norm': 18.25, 'learning_rate': 6.4706943528613135e-06, 'epoch': 1.96}
{'loss': 10.3641, 'grad_norm': 18.0, 'learning_rate': 6.4465133411732776e-06, 'epoch': 1.96}
{'loss': 11.1074, 'grad_norm': 23.875, 'learning_rate': 6.42235608703441e-06, 'epoch': 1.97}
{'loss': 10.6789, 'grad_norm': 21.0, 'learning_rate': 6.3982227519528986e-06, 'epoch': 1.97}
{'loss': 11.2353, 'grad_norm': 21.75, 'learning_rate': 6.374113497276995e-06, 'epoch': 1.97}
{'loss': 10.1558, 'grad_norm': 19.375, 'learning_rate': 6.350028484193971e-06, 'epoch': 1.97}
{'loss': 10.7098, 'grad_norm': 17.25, 'learning_rate': 6.3259678737290174e-06, 'epoch': 1.98}
{'loss': 10.8824, 'grad_norm': 21.75, 'learning_rate': 6.301931826744189e-06, 'epoch': 1.98}
{'loss': 10.1905, 'grad_norm': 20.0, 'learning_rate': 6.277920503937303e-06, 'epoch': 1.98}
{'loss': 10.7444, 'grad_norm': 20.5, 'learning_rate': 6.25393406584088e-06, 'epoch': 1.98}
{'loss': 10.8108, 'grad_norm': 21.625, 'learning_rate': 6.229972672821081e-06, 'epoch': 1.98}
{'loss': 10.9395, 'grad_norm': 20.125, 'learning_rate': 6.2060364850766045e-06, 'epoch': 1.99}
{'loss': 10.8078, 'grad_norm': 22.0, 'learning_rate': 6.18212566263765e-06, 'epoch': 1.99}
{'loss': 10.4535, 'grad_norm': 23.125, 'learning_rate': 6.158240365364823e-06, 'epoch': 1.99}
{'loss': 11.0689, 'grad_norm': 23.5, 'learning_rate': 6.134380752948086e-06, 'epoch': 1.99}
{'loss': 11.4954, 'grad_norm': 19.625, 'learning_rate': 6.110546984905661e-06, 'epoch': 2.0}
{'loss': 10.1693, 'grad_norm': 19.5, 'learning_rate': 6.0867392205830035e-06, 'epoch': 2.0}
{'loss': 11.7151, 'grad_norm': 21.5, 'learning_rate': 6.0629576191517035e-06, 'epoch': 2.0}
{'loss_kd_logits': 0.9637147188186646, 'loss_kd_hidden': 1.75, 'loss_ce': 0.8018173575401306, 'epoch': 2.0}
{'loss_kd_logits': 1.0761247873306274, 'loss_kd_hidden': 1.765625, 'loss_ce': 1.1300017833709717, 'epoch': 2.0}
{'loss_kd_logits': 1.3102961778640747, 'loss_kd_hidden': 1.7734375, 'loss_ce': 0.5918582081794739, 'epoch': 2.0}
{'loss_kd_logits': 0.9500714540481567, 'loss_kd_hidden': 1.75, 'loss_ce': 0.5518810749053955, 'epoch': 2.0}
{'loss_kd_logits': 1.0683878660202026, 'loss_kd_hidden': 1.7578125, 'loss_ce': 0.7524457573890686, 'epoch': 2.0}
{'loss_kd_logits': 1.0431112051010132, 'loss_kd_hidden': 1.75, 'loss_ce': 0.54563307762146, 'epoch': 2.0}
{'loss_kd_logits': 1.0307332277297974, 'loss_kd_hidden': 1.75, 'loss_ce': 0.7601861357688904, 'epoch': 2.0}
{'loss_kd_logits': 0.914261519908905, 'loss_kd_hidden': 1.75, 'loss_ce': 0.9844560027122498, 'epoch': 2.0}
{'loss': 10.7492, 'grad_norm': 18.5, 'learning_rate': 6.039202339608432e-06, 'epoch': 2.0}
{'loss': 10.3265, 'grad_norm': 18.875, 'learning_rate': 6.015473540773893e-06, 'epoch': 2.0}
{'loss': 10.3551, 'grad_norm': 18.0, 'learning_rate': 5.991771381291727e-06, 'epoch': 2.01}
{'loss': 10.664, 'grad_norm': 21.125, 'learning_rate': 5.9680960196274995e-06, 'epoch': 2.01}
{'loss': 11.2133, 'grad_norm': 19.875, 'learning_rate': 5.944447614067588e-06, 'epoch': 2.01}
{'loss': 10.9463, 'grad_norm': 23.0, 'learning_rate': 5.920826322718165e-06, 'epoch': 2.01}
{'loss': 10.115, 'grad_norm': 19.25, 'learning_rate': 5.89723230350412e-06, 'epoch': 2.02}
{'loss': 11.4854, 'grad_norm': 21.125, 'learning_rate': 5.8736657141680066e-06, 'epoch': 2.02}
{'loss': 10.3407, 'grad_norm': 15.9375, 'learning_rate': 5.850126712269001e-06, 'epoch': 2.02}
{'loss': 10.7542, 'grad_norm': 19.125, 'learning_rate': 5.8266154551818225e-06, 'epoch': 2.02}
{'loss': 11.4547, 'grad_norm': 19.125, 'learning_rate': 5.80313210009571e-06, 'epoch': 2.02}
{'loss': 10.4607, 'grad_norm': 20.5, 'learning_rate': 5.779676804013354e-06, 'epoch': 2.03}
{'loss': 9.2325, 'grad_norm': 23.75, 'learning_rate': 5.756249723749847e-06, 'epoch': 2.03}
{'loss': 10.9215, 'grad_norm': 23.375, 'learning_rate': 5.732851015931644e-06, 'epoch': 2.03}
{'loss': 10.4508, 'grad_norm': 22.75, 'learning_rate': 5.709480836995509e-06, 'epoch': 2.03}
{'loss': 10.8373, 'grad_norm': 19.625, 'learning_rate': 5.686139343187468e-06, 'epoch': 2.04}
{'loss': 10.406, 'grad_norm': 21.625, 'learning_rate': 5.662826690561764e-06, 'epoch': 2.04}
{'loss': 10.532, 'grad_norm': 19.375, 'learning_rate': 5.6395430349798376e-06, 'epoch': 2.04}
{'loss': 10.3772, 'grad_norm': 27.125, 'learning_rate': 5.616288532109225e-06, 'epoch': 2.04}
{'loss': 10.4054, 'grad_norm': 20.5, 'learning_rate': 5.593063337422595e-06, 'epoch': 2.04}
{'loss': 11.5793, 'grad_norm': 18.5, 'learning_rate': 5.569867606196652e-06, 'epoch': 2.05}
{'loss': 10.7312, 'grad_norm': 20.875, 'learning_rate': 5.5467014935111065e-06, 'epoch': 2.05}
{'loss': 11.1158, 'grad_norm': 21.625, 'learning_rate': 5.5235651542476745e-06, 'epoch': 2.05}
{'loss': 10.3969, 'grad_norm': 21.75, 'learning_rate': 5.500458743088994e-06, 'epoch': 2.05}
{'loss': 10.5842, 'grad_norm': 22.625, 'learning_rate': 5.477382414517625e-06, 'epoch': 2.06}
{'loss': 10.4922, 'grad_norm': 22.5, 'learning_rate': 5.454336322814995e-06, 'epoch': 2.06}
{'loss': 10.1901, 'grad_norm': 22.75, 'learning_rate': 5.4313206220603854e-06, 'epoch': 2.06}
{'loss': 10.4747, 'grad_norm': 23.875, 'learning_rate': 5.4083354661298816e-06, 'epoch': 2.06}
{'loss': 10.4541, 'grad_norm': 22.75, 'learning_rate': 5.385381008695376e-06, 'epoch': 2.06}
{'loss': 10.2885, 'grad_norm': 21.375, 'learning_rate': 5.362457403223495e-06, 'epoch': 2.07}
{'loss': 10.0248, 'grad_norm': 22.25, 'learning_rate': 5.339564802974615e-06, 'epoch': 2.07}
{'loss': 10.194, 'grad_norm': 25.625, 'learning_rate': 5.316703361001812e-06, 'epoch': 2.07}
{'loss': 10.3005, 'grad_norm': 20.375, 'learning_rate': 5.293873230149851e-06, 'epoch': 2.07}
{'loss': 9.9361, 'grad_norm': 17.625, 'learning_rate': 5.271074563054167e-06, 'epoch': 2.08}
{'loss': 10.3613, 'grad_norm': 21.75, 'learning_rate': 5.248307512139818e-06, 'epoch': 2.08}
{'loss': 10.4224, 'grad_norm': 21.75, 'learning_rate': 5.2255722296205104e-06, 'epoch': 2.08}
{'loss': 10.7228, 'grad_norm': 20.75, 'learning_rate': 5.202868867497542e-06, 'epoch': 2.08}
{'loss': 10.9444, 'grad_norm': 21.375, 'learning_rate': 5.180197577558792e-06, 'epoch': 2.08}
{'loss': 9.7422, 'grad_norm': 18.25, 'learning_rate': 5.157558511377738e-06, 'epoch': 2.09}
{'loss': 10.3839, 'grad_norm': 19.375, 'learning_rate': 5.134951820312402e-06, 'epoch': 2.09}
{'loss': 10.9005, 'grad_norm': 21.0, 'learning_rate': 5.112377655504359e-06, 'epoch': 2.09}
{'loss': 10.4448, 'grad_norm': 17.375, 'learning_rate': 5.0898361678777264e-06, 'epoch': 2.09}
{'loss': 10.4765, 'grad_norm': 18.5, 'learning_rate': 5.067327508138148e-06, 'epoch': 2.1}
{'loss': 11.1389, 'grad_norm': 19.125, 'learning_rate': 5.044851826771793e-06, 'epoch': 2.1}
{'loss': 10.6395, 'grad_norm': 22.0, 'learning_rate': 5.022409274044346e-06, 'epoch': 2.1}
{'loss': 10.2779, 'grad_norm': 20.75, 'learning_rate': 5.000000000000003e-06, 'epoch': 2.1}
{'loss': 11.1565, 'grad_norm': 28.5, 'learning_rate': 4.977624154460464e-06, 'epoch': 2.1}
{'loss': 10.3357, 'grad_norm': 19.625, 'learning_rate': 4.955281887023955e-06, 'epoch': 2.11}
{'loss': 10.5198, 'grad_norm': 22.25, 'learning_rate': 4.932973347064177e-06, 'epoch': 2.11}
{'loss': 10.744, 'grad_norm': 17.5, 'learning_rate': 4.910698683729371e-06, 'epoch': 2.11}
{'loss_kd_logits': 1.132858395576477, 'loss_kd_hidden': 1.75, 'loss_ce': 0.5258219838142395, 'epoch': 2.11}
{'loss_kd_logits': 0.9403566122055054, 'loss_kd_hidden': 1.7421875, 'loss_ce': 0.5724160075187683, 'epoch': 2.11}
{'loss_kd_logits': 0.9002201557159424, 'loss_kd_hidden': 1.75, 'loss_ce': 0.6838878393173218, 'epoch': 2.11}
{'loss_kd_logits': 0.8398393392562866, 'loss_kd_hidden': 1.75, 'loss_ce': 0.5821552276611328, 'epoch': 2.11}

 70%|███████   | 950/1350 [22:40<09:38,  1.45s/it]

 74%|███████▍  | 1000/1350 [23:56<08:34,  1.47s/it]2025-12-21 23:59:58,950 - src.distill - INFO - KD logits: 1.4429, KD hidden: 1.7500, CE: 0.8397

                                                   

 74%|███████▍  | 1000/1350 [23:56<08:34,  1.47s/it]2025-12-21 23:59:59,163 - src.distill - INFO - KD logits: 0.8291, KD hidden: 1.7500, CE: 0.5046

                                                   

 74%|███████▍  | 1000/1350 [23:57<08:34,  1.47s/it]2025-12-21 23:59:59,354 - src.distill - INFO - KD logits: 1.0590, KD hidden: 1.7500, CE: 0.6998

                                                   

 74%|███████▍  | 1000/1350 [23:57<08:34,  1.47s/it]2025-12-21 23:59:59,508 - src.distill - INFO - KD logits: 1.1373, KD hidden: 1.7656, CE: 1.0471

                                                   

 74%|███████▍  | 1000/1350 [23:57<08:34,  1.47s/it]2025-12-21 23:59:59,670 - src.distill - INFO - KD logits: 1.2004, KD hidden: 1.7500, CE: 0.5954

                                                   

 74%|███████▍  | 1000/1350 [23:57<08:34,  1.47s/it]2025-12-21 23:59:59,819 - src.distill - INFO - KD logits: 1.1409, KD hidden: 1.7578, CE: 0.5567

                                                   

 74%|███████▍  | 1000/1350 [23:57<08:34,  1.47s/it]2025-12-21 23:59:59,990 - src.distill - INFO - KD logits: 0.8705, KD hidden: 1.7500, CE: 0.6522

                                                   

 74%|███████▍  | 1000/1350 [23:57<08:34,  1.47s/it]2025-12-22 00:00:00,159 - src.distill - INFO - KD logits: 0.8303, KD hidden: 1.7578, CE: 0.4045
                                                   
{'loss_kd_logits': 1.0108187198638916, 'loss_kd_hidden': 1.75, 'loss_ce': 0.434600293636322, 'epoch': 2.11}
{'loss_kd_logits': 1.2971946001052856, 'loss_kd_hidden': 1.75, 'loss_ce': 0.6666690111160278, 'epoch': 2.11}
{'loss_kd_logits': 0.9887024164199829, 'loss_kd_hidden': 1.7421875, 'loss_ce': 0.576065719127655, 'epoch': 2.11}
{'loss_kd_logits': 1.037261724472046, 'loss_kd_hidden': 1.75, 'loss_ce': 0.6637555956840515, 'epoch': 2.11}
{'loss': 9.9224, 'grad_norm': 20.0, 'learning_rate': 4.888458045941269e-06, 'epoch': 2.11}
{'loss': 10.3653, 'grad_norm': 18.875, 'learning_rate': 4.8662515823941255e-06, 'epoch': 2.12}
{'loss': 10.894, 'grad_norm': 20.125, 'learning_rate': 4.844079441553717e-06, 'epoch': 2.12}
{'loss': 10.5309, 'grad_norm': 20.375, 'learning_rate': 4.8219417716563425e-06, 'epoch': 2.12}
{'loss': 9.9916, 'grad_norm': 16.625, 'learning_rate': 4.799838720707847e-06, 'epoch': 2.12}
{'loss': 10.1981, 'grad_norm': 18.25, 'learning_rate': 4.7777704364826175e-06, 'epoch': 2.12}
{'loss': 9.7945, 'grad_norm': 18.375, 'learning_rate': 4.755737066522602e-06, 'epoch': 2.13}
{'loss': 10.7598, 'grad_norm': 19.75, 'learning_rate': 4.733738758136327e-06, 'epoch': 2.13}
{'loss': 10.6197, 'grad_norm': 20.375, 'learning_rate': 4.7117756583979004e-06, 'epoch': 2.13}
{'loss': 11.037, 'grad_norm': 23.0, 'learning_rate': 4.6898479141460415e-06, 'epoch': 2.13}
{'loss': 11.039, 'grad_norm': 21.375, 'learning_rate': 4.66795567198309e-06, 'epoch': 2.14}
{'loss': 10.4887, 'grad_norm': 23.875, 'learning_rate': 4.64609907827403e-06, 'epoch': 2.14}
{'loss': 9.8661, 'grad_norm': 18.25, 'learning_rate': 4.624278279145509e-06, 'epoch': 2.14}
{'loss': 10.3668, 'grad_norm': 20.0, 'learning_rate': 4.6024934204848745e-06, 'epoch': 2.14}
{'loss': 11.3797, 'grad_norm': 25.375, 'learning_rate': 4.580744647939163e-06, 'epoch': 2.14}
{'loss': 11.0379, 'grad_norm': 20.125, 'learning_rate': 4.559032106914173e-06, 'epoch': 2.15}
{'loss': 10.2984, 'grad_norm': 22.0, 'learning_rate': 4.537355942573464e-06, 'epoch': 2.15}
{'loss': 9.8355, 'grad_norm': 19.375, 'learning_rate': 4.515716299837376e-06, 'epoch': 2.15}
{'loss': 10.4243, 'grad_norm': 20.875, 'learning_rate': 4.4941133233821e-06, 'epoch': 2.15}
{'loss': 10.2384, 'grad_norm': 21.0, 'learning_rate': 4.472547157638674e-06, 'epoch': 2.16}
{'loss': 10.8478, 'grad_norm': 22.25, 'learning_rate': 4.4510179467920325e-06, 'epoch': 2.16}
{'loss': 10.8237, 'grad_norm': 21.25, 'learning_rate': 4.429525834780041e-06, 'epoch': 2.16}
{'loss': 9.8116, 'grad_norm': 20.25, 'learning_rate': 4.408070965292534e-06, 'epoch': 2.16}
{'loss': 10.3328, 'grad_norm': 25.625, 'learning_rate': 4.386653481770351e-06, 'epoch': 2.16}
{'loss': 10.0131, 'grad_norm': 21.125, 'learning_rate': 4.365273527404384e-06, 'epoch': 2.17}
{'loss': 11.202, 'grad_norm': 19.375, 'learning_rate': 4.343931245134616e-06, 'epoch': 2.17}
{'loss': 10.2493, 'grad_norm': 18.5, 'learning_rate': 4.322626777649158e-06, 'epoch': 2.17}
{'loss': 9.925, 'grad_norm': 21.375, 'learning_rate': 4.30136026738332e-06, 'epoch': 2.17}
{'loss': 10.9907, 'grad_norm': 21.25, 'learning_rate': 4.2801318565186165e-06, 'epoch': 2.18}
{'loss': 11.2529, 'grad_norm': 23.75, 'learning_rate': 4.258941686981864e-06, 'epoch': 2.18}
{'loss': 10.5898, 'grad_norm': 22.75, 'learning_rate': 4.237789900444197e-06, 'epoch': 2.18}
{'loss': 10.489, 'grad_norm': 19.875, 'learning_rate': 4.216676638320135e-06, 'epoch': 2.18}
{'loss': 10.326, 'grad_norm': 19.75, 'learning_rate': 4.195602041766638e-06, 'epoch': 2.18}
{'loss': 10.4931, 'grad_norm': 18.75, 'learning_rate': 4.174566251682145e-06, 'epoch': 2.19}
{'loss': 10.4248, 'grad_norm': 19.375, 'learning_rate': 4.15356940870567e-06, 'epoch': 2.19}
{'loss': 10.0436, 'grad_norm': 15.875, 'learning_rate': 4.132611653215822e-06, 'epoch': 2.19}
{'loss': 10.5282, 'grad_norm': 17.5, 'learning_rate': 4.111693125329888e-06, 'epoch': 2.19}
{'loss': 10.4164, 'grad_norm': 20.625, 'learning_rate': 4.090813964902889e-06, 'epoch': 2.2}
{'loss': 10.2813, 'grad_norm': 18.875, 'learning_rate': 4.069974311526649e-06, 'epoch': 2.2}
{'loss': 10.7616, 'grad_norm': 21.0, 'learning_rate': 4.049174304528857e-06, 'epoch': 2.2}
{'loss': 10.4127, 'grad_norm': 19.0, 'learning_rate': 4.028414082972141e-06, 'epoch': 2.2}
{'loss': 10.1481, 'grad_norm': 16.5, 'learning_rate': 4.007693785653133e-06, 'epoch': 2.2}
{'loss': 11.0558, 'grad_norm': 25.125, 'learning_rate': 3.987013551101543e-06, 'epoch': 2.21}
{'loss': 10.6263, 'grad_norm': 22.5, 'learning_rate': 3.966373517579244e-06, 'epoch': 2.21}
{'loss': 10.491, 'grad_norm': 20.625, 'learning_rate': 3.945773823079315e-06, 'epoch': 2.21}
{'loss': 9.9035, 'grad_norm': 16.25, 'learning_rate': 3.925214605325164e-06, 'epoch': 2.21}
{'loss': 10.6892, 'grad_norm': 19.75, 'learning_rate': 3.904696001769571e-06, 'epoch': 2.22}
{'loss': 10.4357, 'grad_norm': 22.375, 'learning_rate': 3.884218149593776e-06, 'epoch': 2.22}
{'loss': 10.1135, 'grad_norm': 19.125, 'learning_rate': 3.863781185706582e-06, 'epoch': 2.22}
{'loss': 10.4758, 'grad_norm': 17.375, 'learning_rate': 3.8433852467434175e-06, 'epoch': 2.22}
{'loss_kd_logits': 1.4428997039794922, 'loss_kd_hidden': 1.75, 'loss_ce': 0.8397276401519775, 'epoch': 2.22}
{'loss_kd_logits': 0.8291436433792114, 'loss_kd_hidden': 1.75, 'loss_ce': 0.5046133995056152, 'epoch': 2.22}
{'loss_kd_logits': 1.0590014457702637, 'loss_kd_hidden': 1.75, 'loss_ce': 0.6997618079185486, 'epoch': 2.22}
{'loss_kd_logits': 1.1373374462127686, 'loss_kd_hidden': 1.765625, 'loss_ce': 1.0471205711364746, 'epoch': 2.22}
{'loss_kd_logits': 1.2004098892211914, 'loss_kd_hidden': 1.75, 'loss_ce': 0.5954010486602783, 'epoch': 2.22}
{'loss_kd_logits': 1.140905499458313, 'loss_kd_hidden': 1.7578125, 'loss_ce': 0.5567435622215271, 'epoch': 2.22}
{'loss_kd_logits': 0.8704928159713745, 'loss_kd_hidden': 1.75, 'loss_ce': 0.6522488594055176, 'epoch': 2.22}
{'loss_kd_logits': 0.8302627205848694, 'loss_kd_hidden': 1.7578125, 'loss_ce': 0.40445756912231445, 'epoch': 2.22}
{'loss': 10.4131, 'grad_norm': 19.625, 'learning_rate': 3.823030469065431e-06, 'epoch': 2.22}
{'loss': 10.3639, 'grad_norm': 21.25, 'learning_rate': 3.8027169887585767e-06, 'epoch': 2.23}
{'loss': 10.1228, 'grad_norm': 16.25, 'learning_rate': 3.7824449416327123e-06, 'epoch': 2.23}
{'loss': 9.8773, 'grad_norm': 23.0, 'learning_rate': 3.7622144632206815e-06, 'epoch': 2.23}
{'loss': 10.7868, 'grad_norm': 18.875, 'learning_rate': 3.742025688777413e-06, 'epoch': 2.23}
{'loss': 10.4812, 'grad_norm': 20.625, 'learning_rate': 3.7218787532790167e-06, 'epoch': 2.24}
{'loss': 10.569, 'grad_norm': 20.5, 'learning_rate': 3.7017737914218734e-06, 'epoch': 2.24}
{'loss': 10.248, 'grad_norm': 18.75, 'learning_rate': 3.6817109376217574e-06, 'epoch': 2.24}
{'loss': 10.4783, 'grad_norm': 20.0, 'learning_rate': 3.661690326012897e-06, 'epoch': 2.24}
{'loss': 9.9439, 'grad_norm': 21.375, 'learning_rate': 3.641712090447125e-06, 'epoch': 2.24}
{'loss': 11.2877, 'grad_norm': 19.5, 'learning_rate': 3.6217763644929393e-06, 'epoch': 2.25}
{'loss': 9.8588, 'grad_norm': 17.875, 'learning_rate': 3.6018832814346516e-06, 'epoch': 2.25}
{'loss': 10.4669, 'grad_norm': 19.25, 'learning_rate': 3.5820329742714666e-06, 'epoch': 2.25}
{'loss': 10.6897, 'grad_norm': 20.625, 'learning_rate': 3.5622255757165912e-06, 'epoch': 2.25}
{'loss': 10.5148, 'grad_norm': 19.5, 'learning_rate': 3.542461218196379e-06, 'epoch': 2.26}
{'loss': 10.3243, 'grad_norm': 24.5, 'learning_rate': 3.522740033849411e-06, 'epoch': 2.26}
{'loss': 10.3255, 'grad_norm': 20.0, 'learning_rate': 3.5030621545256294e-06, 'epoch': 2.26}
{'loss': 10.2412, 'grad_norm': 20.375, 'learning_rate': 3.483427711785449e-06, 'epoch': 2.26}
{'loss': 10.1419, 'grad_norm': 16.0, 'learning_rate': 3.463836836898884e-06, 'epoch': 2.26}
{'loss': 10.419, 'grad_norm': 18.5, 'learning_rate': 3.444289660844665e-06, 'epoch': 2.27}
{'loss': 10.6117, 'grad_norm': 20.125, 'learning_rate': 3.424786314309365e-06, 'epoch': 2.27}
{'loss': 10.5086, 'grad_norm': 18.0, 'learning_rate': 3.4053269276865284e-06, 'epoch': 2.27}
{'loss': 10.1908, 'grad_norm': 21.75, 'learning_rate': 3.38591163107579e-06, 'epoch': 2.27}

 81%|████████▏ | 1100/1350 [26:21<06:05,  1.46s/it]
                                                   
{'loss': 10.522, 'grad_norm': 16.125, 'learning_rate': 3.3665405542820283e-06, 'epoch': 2.28}
{'loss': 10.7051, 'grad_norm': 17.75, 'learning_rate': 3.347213826814456e-06, 'epoch': 2.28}
{'loss': 10.5256, 'grad_norm': 20.125, 'learning_rate': 3.3279315778858034e-06, 'epoch': 2.28}
{'loss': 10.3918, 'grad_norm': 24.125, 'learning_rate': 3.308693936411421e-06, 'epoch': 2.28}
{'loss': 10.1137, 'grad_norm': 18.625, 'learning_rate': 3.2895010310084174e-06, 'epoch': 2.28}
{'loss': 10.3458, 'grad_norm': 19.375, 'learning_rate': 3.270352989994827e-06, 'epoch': 2.29}
{'loss': 10.3186, 'grad_norm': 18.5, 'learning_rate': 3.2512499413887255e-06, 'epoch': 2.29}
{'loss': 10.5881, 'grad_norm': 20.625, 'learning_rate': 3.2321920129073815e-06, 'epoch': 2.29}
{'loss': 10.7047, 'grad_norm': 17.625, 'learning_rate': 3.213179331966405e-06, 'epoch': 2.29}
{'loss': 10.3096, 'grad_norm': 19.75, 'learning_rate': 3.1942120256788966e-06, 'epoch': 2.3}
{'loss': 10.676, 'grad_norm': 19.375, 'learning_rate': 3.175290220854591e-06, 'epoch': 2.3}
{'loss': 10.6378, 'grad_norm': 24.5, 'learning_rate': 3.1564140439990256e-06, 'epoch': 2.3}
{'loss': 11.4244, 'grad_norm': 19.25, 'learning_rate': 3.1375836213126653e-06, 'epoch': 2.3}
{'loss': 10.5266, 'grad_norm': 19.25, 'learning_rate': 3.118799078690089e-06, 'epoch': 2.3}
{'loss': 10.9806, 'grad_norm': 20.25, 'learning_rate': 3.10006054171913e-06, 'epoch': 2.31}
{'loss': 10.6255, 'grad_norm': 20.875, 'learning_rate': 3.081368135680041e-06, 'epoch': 2.31}
{'loss': 10.4646, 'grad_norm': 18.5, 'learning_rate': 3.0627219855446667e-06, 'epoch': 2.31}
{'loss': 10.0185, 'grad_norm': 23.625, 'learning_rate': 3.04412221597558e-06, 'epoch': 2.31}
{'loss': 10.3322, 'grad_norm': 28.0, 'learning_rate': 3.0255689513252873e-06, 'epoch': 2.32}
{'loss': 10.3066, 'grad_norm': 19.75, 'learning_rate': 3.0070623156353685e-06, 'epoch': 2.32}
{'loss': 9.8844, 'grad_norm': 17.25, 'learning_rate': 2.9886024326356444e-06, 'epoch': 2.32}
{'loss': 10.7607, 'grad_norm': 21.625, 'learning_rate': 2.970189425743383e-06, 'epoch': 2.32}
{'loss': 10.7495, 'grad_norm': 28.0, 'learning_rate': 2.9518234180624393e-06, 'epoch': 2.32}
{'loss': 10.8777, 'grad_norm': 20.125, 'learning_rate': 2.9335045323824496e-06, 'epoch': 2.33}
{'loss': 10.4466, 'grad_norm': 18.25, 'learning_rate': 2.9152328911780027e-06, 'epoch': 2.33}
{'loss': 11.1425, 'grad_norm': 18.5, 'learning_rate': 2.8970086166078303e-06, 'epoch': 2.33}
{'loss': 10.4897, 'grad_norm': 18.5, 'learning_rate': 2.8788318305139808e-06, 'epoch': 2.33}
{'loss_kd_logits': 1.2024458646774292, 'loss_kd_hidden': 1.75, 'loss_ce': 0.8377071619033813, 'epoch': 2.33}
{'loss_kd_logits': 0.966733455657959, 'loss_kd_hidden': 1.75, 'loss_ce': 0.6598269939422607, 'epoch': 2.33}
{'loss_kd_logits': 1.777897834777832, 'loss_kd_hidden': 1.7578125, 'loss_ce': 1.0593578815460205, 'epoch': 2.33}
{'loss_kd_logits': 1.4368199110031128, 'loss_kd_hidden': 1.7421875, 'loss_ce': 0.6004699468612671, 'epoch': 2.33}
{'loss_kd_logits': 0.8955393433570862, 'loss_kd_hidden': 1.7421875, 'loss_ce': 0.58846116065979, 'epoch': 2.33}
{'loss_kd_logits': 1.0688345432281494, 'loss_kd_hidden': 1.75, 'loss_ce': 0.8111768960952759, 'epoch': 2.33}
{'loss_kd_logits': 1.2613844871520996, 'loss_kd_hidden': 1.75, 'loss_ce': 1.0618460178375244, 'epoch': 2.33}
{'loss_kd_logits': 1.4582934379577637, 'loss_kd_hidden': 1.75, 'loss_ce': 0.7501083016395569, 'epoch': 2.33}
{'loss': 11.7165, 'grad_norm': 34.0, 'learning_rate': 2.8607026544210115e-06, 'epoch': 2.34}
{'loss': 10.4828, 'grad_norm': 18.0, 'learning_rate': 2.8426212095351714e-06, 'epoch': 2.34}
{'loss': 10.8591, 'grad_norm': 26.0, 'learning_rate': 2.8245876167435924e-06, 'epoch': 2.34}
{'loss': 10.599, 'grad_norm': 21.125, 'learning_rate': 2.8066019966134907e-06, 'epoch': 2.34}
{'loss': 10.8393, 'grad_norm': 25.875, 'learning_rate': 2.7886644693913333e-06, 'epoch': 2.34}
{'loss': 11.0799, 'grad_norm': 20.875, 'learning_rate': 2.770775155002071e-06, 'epoch': 2.35}
{'loss': 11.2381, 'grad_norm': 20.875, 'learning_rate': 2.7529341730483115e-06, 'epoch': 2.35}
{'loss': 10.3503, 'grad_norm': 17.75, 'learning_rate': 2.7351416428095157e-06, 'epoch': 2.35}
{'loss': 9.8873, 'grad_norm': 16.25, 'learning_rate': 2.7173976832412284e-06, 'epoch': 2.35}
{'loss': 10.9131, 'grad_norm': 19.625, 'learning_rate': 2.6997024129742544e-06, 'epoch': 2.36}
{'loss': 10.4108, 'grad_norm': 21.375, 'learning_rate': 2.6820559503138797e-06, 'epoch': 2.36}
{'loss': 10.158, 'grad_norm': 17.5, 'learning_rate': 2.664458413239076e-06, 'epoch': 2.36}
{'loss': 10.8523, 'grad_norm': 26.875, 'learning_rate': 2.6469099194017144e-06, 'epoch': 2.36}
{'loss': 9.8261, 'grad_norm': 19.875, 'learning_rate': 2.629410586125777e-06, 'epoch': 2.36}
{'loss': 10.5686, 'grad_norm': 25.625, 'learning_rate': 2.611960530406572e-06, 'epoch': 2.37}
{'loss': 9.6971, 'grad_norm': 21.375, 'learning_rate': 2.594559868909956e-06, 'epoch': 2.37}
{'loss': 10.8614, 'grad_norm': 21.125, 'learning_rate': 2.5772087179715453e-06, 'epoch': 2.37}
{'loss': 10.5205, 'grad_norm': 24.75, 'learning_rate': 2.5599071935959495e-06, 'epoch': 2.37}
{'loss': 10.3372, 'grad_norm': 17.625, 'learning_rate': 2.542655411455982e-06, 'epoch': 2.38}
{'loss': 11.0084, 'grad_norm': 31.375, 'learning_rate': 2.5254534868919077e-06, 'epoch': 2.38}
{'loss': 10.172, 'grad_norm': 17.0, 'learning_rate': 2.50830153491064e-06, 'epoch': 2.38}
{'loss': 11.1578, 'grad_norm': 27.25, 'learning_rate': 2.4911996701850083e-06, 'epoch': 2.38}
{'loss': 10.1352, 'grad_norm': 18.5, 'learning_rate': 2.4741480070529657e-06, 'epoch': 2.38}
{'loss': 10.135, 'grad_norm': 21.875, 'learning_rate': 2.4571466595168257e-06, 'epoch': 2.39}
{'loss': 10.129, 'grad_norm': 19.875, 'learning_rate': 2.4401957412425213e-06, 'epoch': 2.39}
{'loss': 10.7618, 'grad_norm': 19.75, 'learning_rate': 2.423295365558821e-06, 'epoch': 2.39}
{'loss': 10.6792, 'grad_norm': 18.375, 'learning_rate': 2.406445645456583e-06, 'epoch': 2.39}
{'loss': 10.1838, 'grad_norm': 26.875, 'learning_rate': 2.3896466935879957e-06, 'epoch': 2.4}
{'loss': 10.3345, 'grad_norm': 20.625, 'learning_rate': 2.372898622265829e-06, 'epoch': 2.4}
{'loss': 10.7787, 'grad_norm': 19.625, 'learning_rate': 2.3562015434626784e-06, 'epoch': 2.4}
{'loss': 10.3047, 'grad_norm': 17.75, 'learning_rate': 2.339555568810221e-06, 'epoch': 2.4}
{'loss': 10.7747, 'grad_norm': 25.125, 'learning_rate': 2.3229608095984644e-06, 'epoch': 2.4}
{'loss': 11.3177, 'grad_norm': 17.875, 'learning_rate': 2.3064173767750055e-06, 'epoch': 2.41}
{'loss': 10.8544, 'grad_norm': 24.375, 'learning_rate': 2.2899253809442944e-06, 'epoch': 2.41}
{'loss': 10.273, 'grad_norm': 18.5, 'learning_rate': 2.273484932366874e-06, 'epoch': 2.41}
{'loss': 10.0162, 'grad_norm': 19.125, 'learning_rate': 2.2570961409586756e-06, 'epoch': 2.41}
{'loss': 10.0204, 'grad_norm': 22.875, 'learning_rate': 2.2407591162902576e-06, 'epoch': 2.42}
{'loss': 10.5299, 'grad_norm': 19.625, 'learning_rate': 2.224473967586073e-06, 'epoch': 2.42}
{'loss': 10.4835, 'grad_norm': 23.0, 'learning_rate': 2.208240803723767e-06, 'epoch': 2.42}
{'loss': 10.3622, 'grad_norm': 21.25, 'learning_rate': 2.192059733233408e-06, 'epoch': 2.42}
{'loss': 10.7545, 'grad_norm': 18.625, 'learning_rate': 2.1759308642968024e-06, 'epoch': 2.42}
{'loss': 10.4101, 'grad_norm': 24.0, 'learning_rate': 2.1598543047467435e-06, 'epoch': 2.43}
{'loss': 10.548, 'grad_norm': 17.875, 'learning_rate': 2.1438301620662994e-06, 'epoch': 2.43}
{'loss': 10.2794, 'grad_norm': 18.125, 'learning_rate': 2.127858543388097e-06, 'epoch': 2.43}
{'loss': 10.2633, 'grad_norm': 19.25, 'learning_rate': 2.111939555493603e-06, 'epoch': 2.43}
{'loss': 10.0496, 'grad_norm': 21.625, 'learning_rate': 2.0960733048124082e-06, 'epoch': 2.44}
{'loss': 10.1141, 'grad_norm': 18.0, 'learning_rate': 2.0802598974215225e-06, 'epoch': 2.44}
{'loss': 10.456, 'grad_norm': 25.0, 'learning_rate': 2.064499439044657e-06, 'epoch': 2.44}
{'loss': 10.6332, 'grad_norm': 24.75, 'learning_rate': 2.048792035051521e-06, 'epoch': 2.44}
{'loss': 10.2514, 'grad_norm': 24.875, 'learning_rate': 2.0331377904571303e-06, 'epoch': 2.44}

 81%|████████▏ | 1100/1350 [26:21<06:05,  1.46s/it]
                                                   
{'loss_kd_logits': 1.2024688720703125, 'loss_kd_hidden': 1.75, 'loss_ce': 0.6557487845420837, 'epoch': 2.44}
{'loss_kd_logits': 1.0293617248535156, 'loss_kd_hidden': 1.7421875, 'loss_ce': 0.7517854571342468, 'epoch': 2.44}
{'loss_kd_logits': 1.0222939252853394, 'loss_kd_hidden': 1.75, 'loss_ce': 0.6338082551956177, 'epoch': 2.44}
{'loss_kd_logits': 0.7977955937385559, 'loss_kd_hidden': 1.75, 'loss_ce': 0.4985588788986206, 'epoch': 2.44}
{'loss_kd_logits': 1.0467888116836548, 'loss_kd_hidden': 1.7421875, 'loss_ce': 0.5653321743011475, 'epoch': 2.44}
{'loss_kd_logits': 1.0889722108840942, 'loss_kd_hidden': 1.7578125, 'loss_ce': 0.7764745950698853, 'epoch': 2.44}
{'loss_kd_logits': 1.3525413274765015, 'loss_kd_hidden': 1.7578125, 'loss_ce': 0.6313709616661072, 'epoch': 2.44}
{'loss_kd_logits': 0.7605434060096741, 'loss_kd_hidden': 1.75, 'loss_ce': 0.6319392919540405, 'epoch': 2.44}
{'loss': 10.2229, 'grad_norm': 17.875, 'learning_rate': 2.01753680992107e-06, 'epoch': 2.45}
{'loss': 10.2439, 'grad_norm': 15.25, 'learning_rate': 2.001989197746841e-06, 'epoch': 2.45}
{'loss': 10.3059, 'grad_norm': 18.5, 'learning_rate': 1.986495057881126e-06, 'epoch': 2.45}
{'loss': 10.9346, 'grad_norm': 18.125, 'learning_rate': 1.971054493913106e-06, 'epoch': 2.45}
{'loss': 10.9719, 'grad_norm': 21.25, 'learning_rate': 1.9556676090737803e-06, 'epoch': 2.46}
{'loss': 10.408, 'grad_norm': 23.25, 'learning_rate': 1.9403345062352574e-06, 'epoch': 2.46}
{'loss': 10.827, 'grad_norm': 28.375, 'learning_rate': 1.925055287910078e-06, 'epoch': 2.46}
{'loss': 10.4481, 'grad_norm': 19.75, 'learning_rate': 1.9098300562505266e-06, 'epoch': 2.46}
{'loss': 10.3377, 'grad_norm': 21.25, 'learning_rate': 1.8946589130479486e-06, 'epoch': 2.46}
{'loss': 10.7187, 'grad_norm': 21.625, 'learning_rate': 1.879541959732072e-06, 'epoch': 2.47}
{'loss': 10.288, 'grad_norm': 17.75, 'learning_rate': 1.8644792973703252e-06, 'epoch': 2.47}
{'loss': 10.3623, 'grad_norm': 23.875, 'learning_rate': 1.8494710266671657e-06, 'epoch': 2.47}
{'loss': 10.1684, 'grad_norm': 20.125, 'learning_rate': 1.8345172479633977e-06, 'epoch': 2.47}
{'loss': 11.0736, 'grad_norm': 24.0, 'learning_rate': 1.8196180612355252e-06, 'epoch': 2.48}
{'loss': 10.5674, 'grad_norm': 22.0, 'learning_rate': 1.8047735660950427e-06, 'epoch': 2.48}
{'loss': 10.1918, 'grad_norm': 19.25, 'learning_rate': 1.7899838617878163e-06, 'epoch': 2.48}
{'loss': 11.1726, 'grad_norm': 24.875, 'learning_rate': 1.7752490471933769e-06, 'epoch': 2.48}
{'loss': 10.4269, 'grad_norm': 21.0, 'learning_rate': 1.7605692208242953e-06, 'epoch': 2.48}
{'loss': 10.7037, 'grad_norm': 23.875, 'learning_rate': 1.745944480825502e-06, 'epoch': 2.49}
{'loss': 10.4348, 'grad_norm': 20.625, 'learning_rate': 1.7313749249736266e-06, 'epoch': 2.49}
{'loss': 10.5033, 'grad_norm': 20.75, 'learning_rate': 1.7168606506763696e-06, 'epoch': 2.49}
{'loss': 11.444, 'grad_norm': 21.125, 'learning_rate': 1.7024017549718274e-06, 'epoch': 2.49}
{'loss': 10.53, 'grad_norm': 19.0, 'learning_rate': 1.6879983345278528e-06, 'epoch': 2.5}
{'loss': 10.1489, 'grad_norm': 18.5, 'learning_rate': 1.673650485641408e-06, 'epoch': 2.5}
{'loss': 10.355, 'grad_norm': 16.625, 'learning_rate': 1.6593583042379192e-06, 'epoch': 2.5}
{'loss': 10.4409, 'grad_norm': 18.75, 'learning_rate': 1.6451218858706374e-06, 'epoch': 2.5}
{'loss': 10.5709, 'grad_norm': 20.625, 'learning_rate': 1.630941325719998e-06, 'epoch': 2.5}
{'loss': 10.4202, 'grad_norm': 21.25, 'learning_rate': 1.6168167185929883e-06, 'epoch': 2.51}
{'loss': 10.127, 'grad_norm': 18.875, 'learning_rate': 1.6027481589225024e-06, 'epoch': 2.51}
{'loss': 10.6637, 'grad_norm': 21.125, 'learning_rate': 1.5887357407667314e-06, 'epoch': 2.51}
{'loss': 10.9418, 'grad_norm': 24.0, 'learning_rate': 1.5747795578085046e-06, 'epoch': 2.51}
{'loss': 11.0134, 'grad_norm': 19.0, 'learning_rate': 1.560879703354693e-06, 'epoch': 2.52}
{'loss': 11.1534, 'grad_norm': 19.5, 'learning_rate': 1.5470362703355678e-06, 'epoch': 2.52}
{'loss': 11.7373, 'grad_norm': 19.875, 'learning_rate': 1.5332493513041756e-06, 'epoch': 2.52}
{'loss': 10.4671, 'grad_norm': 16.75, 'learning_rate': 1.5195190384357405e-06, 'epoch': 2.52}
{'loss': 10.6733, 'grad_norm': 23.0, 'learning_rate': 1.505845423527027e-06, 'epoch': 2.52}
{'loss': 10.6774, 'grad_norm': 23.375, 'learning_rate': 1.492228597995734e-06, 'epoch': 2.53}
{'loss': 10.4485, 'grad_norm': 21.875, 'learning_rate': 1.4786686528798878e-06, 'epoch': 2.53}
{'loss': 9.8234, 'grad_norm': 22.5, 'learning_rate': 1.4651656788372236e-06, 'epoch': 2.53}
{'loss': 11.1826, 'grad_norm': 20.75, 'learning_rate': 1.4517197661445893e-06, 'epoch': 2.53}
{'loss': 10.6406, 'grad_norm': 19.25, 'learning_rate': 1.4383310046973365e-06, 'epoch': 2.54}
{'loss': 10.6727, 'grad_norm': 17.0, 'learning_rate': 1.42499948400872e-06, 'epoch': 2.54}
{'loss': 10.3967, 'grad_norm': 21.75, 'learning_rate': 1.4117252932093007e-06, 'epoch': 2.54}
{'loss': 10.1291, 'grad_norm': 17.75, 'learning_rate': 1.3985085210463479e-06, 'epoch': 2.54}
{'loss': 10.3896, 'grad_norm': 21.0, 'learning_rate': 1.3853492558832472e-06, 'epoch': 2.54}
{'loss': 10.3193, 'grad_norm': 18.5, 'learning_rate': 1.372247585698916e-06, 'epoch': 2.55}
{'loss': 10.6444, 'grad_norm': 17.5, 'learning_rate': 1.3592035980871954e-06, 'epoch': 2.55}
{'loss': 10.2136, 'grad_norm': 18.5, 'learning_rate': 1.3462173802562917e-06, 'epoch': 2.55}
{'loss': 9.9153, 'grad_norm': 18.375, 'learning_rate': 1.3332890190281733e-06, 'epoch': 2.55}
{'loss': 10.4928, 'grad_norm': 18.375, 'learning_rate': 1.3204186008379926e-06, 'epoch': 2.56}
{'loss_kd_logits': 0.9111078977584839, 'loss_kd_hidden': 1.7421875, 'loss_ce': 0.6200043559074402, 'epoch': 2.56}
{'loss_kd_logits': 1.0869348049163818, 'loss_kd_hidden': 1.75, 'loss_ce': 0.622645378112793, 'epoch': 2.56}
{'loss_kd_logits': 1.2117159366607666, 'loss_kd_hidden': 1.7578125, 'loss_ce': 0.9141141176223755, 'epoch': 2.56}
{'loss_kd_logits': 1.0306073427200317, 'loss_kd_hidden': 1.75, 'loss_ce': 0.615649402141571, 'epoch': 2.56}
{'loss_kd_logits': 0.9349530339241028, 'loss_kd_hidden': 1.7421875, 'loss_ce': 0.6371288895606995, 'epoch': 2.56}
{'loss_kd_logits': 0.9127031564712524, 'loss_kd_hidden': 1.75, 'loss_ce': 0.6170619130134583, 'epoch': 2.56}
{'loss_kd_logits': 1.0510873794555664, 'loss_kd_hidden': 1.75, 'loss_ce': 0.763201892375946, 'epoch': 2.56}
{'loss_kd_logits': 1.0733011960983276, 'loss_kd_hidden': 1.7578125, 'loss_ce': 0.8582982420921326, 'epoch': 2.56}
{'loss': 10.4303, 'grad_norm': 18.125, 'learning_rate': 1.307606211733522e-06, 'epoch': 2.56}
{'loss': 10.2413, 'grad_norm': 17.75, 'learning_rate': 1.2948519373745617e-06, 'epoch': 2.56}
{'loss': 10.0067, 'grad_norm': 18.25, 'learning_rate': 1.282155863032377e-06, 'epoch': 2.56}
{'loss': 10.7299, 'grad_norm': 19.0, 'learning_rate': 1.2695180735891232e-06, 'epoch': 2.56}
{'loss': 10.3347, 'grad_norm': 18.625, 'learning_rate': 1.2569386535372807e-06, 'epoch': 2.57}
{'loss': 10.7318, 'grad_norm': 19.125, 'learning_rate': 1.2444176869790925e-06, 'epoch': 2.57}
{'loss': 10.8351, 'grad_norm': 18.0, 'learning_rate': 1.2319552576259953e-06, 'epoch': 2.57}
{'loss': 10.3907, 'grad_norm': 18.75, 'learning_rate': 1.2195514487980643e-06, 'epoch': 2.57}
{'loss': 10.4853, 'grad_norm': 19.25, 'learning_rate': 1.207206343423456e-06, 'epoch': 2.58}
{'loss': 9.6377, 'grad_norm': 19.75, 'learning_rate': 1.1949200240378577e-06, 'epoch': 2.58}
{'loss': 10.1731, 'grad_norm': 18.125, 'learning_rate': 1.18269257278392e-06, 'epoch': 2.58}
{'loss': 10.3562, 'grad_norm': 20.125, 'learning_rate': 1.1705240714107301e-06, 'epoch': 2.58}
{'loss': 10.3969, 'grad_norm': 18.0, 'learning_rate': 1.158414601273251e-06, 'epoch': 2.58}
{'loss': 11.0025, 'grad_norm': 22.375, 'learning_rate': 1.1463642433317713e-06, 'epoch': 2.59}
{'loss': 10.3033, 'grad_norm': 20.875, 'learning_rate': 1.1343730781513896e-06, 'epoch': 2.59}
{'loss': 10.3036, 'grad_norm': 19.375, 'learning_rate': 1.1224411859014417e-06, 'epoch': 2.59}
{'loss': 11.3168, 'grad_norm': 36.25, 'learning_rate': 1.110568646354997e-06, 'epoch': 2.59}
{'loss': 10.8534, 'grad_norm': 21.25, 'learning_rate': 1.0987555388883042e-06, 'epoch': 2.6}

 87%|████████▋ | 1169/1350 [27:59<04:22,  1.45s/it]
 89%|████████▉ | 1200/1350 [28:43<03:39,  1.46s/it]2025-12-22 00:04:46,112 - src.distill - INFO - KD logits: 0.9755, KD hidden: 1.7578, CE: 0.6277

                                                   

 89%|████████▉ | 1200/1350 [28:44<03:39,  1.46s/it]2025-12-22 00:04:46,284 - src.distill - INFO - KD logits: 1.1132, KD hidden: 1.7500, CE: 0.8174

                                                   

 89%|████████▉ | 1200/1350 [28:44<03:39,  1.46s/it]2025-12-22 00:04:46,428 - src.distill - INFO - KD logits: 1.0970, KD hidden: 1.7500, CE: 0.5760

                                                   

 89%|████████▉ | 1200/1350 [28:44<03:39,  1.46s/it]2025-12-22 00:04:46,582 - src.distill - INFO - KD logits: 1.3639, KD hidden: 1.7578, CE: 0.8156

                                                   

 89%|████████▉ | 1200/1350 [28:44<03:39,  1.46s/it]2025-12-22 00:04:46,731 - src.distill - INFO - KD logits: 1.0250, KD hidden: 1.7422, CE: 0.6280

                                                   

 89%|████████▉ | 1200/1350 [28:44<03:39,  1.46s/it]2025-12-22 00:04:46,851 - src.distill - INFO - KD logits: 0.9841, KD hidden: 1.7500, CE: 0.6262

                                                   

 89%|████████▉ | 1200/1350 [28:44<03:39,  1.46s/it]2025-12-22 00:04:46,979 - src.distill - INFO - KD logits: 0.9851, KD hidden: 1.7500, CE: 0.5646

                                                   

 89%|████████▉ | 1200/1350 [28:44<03:39,  1.46s/it]2025-12-22 00:04:47,105 - src.distill - INFO - KD logits: 0.9351, KD hidden: 1.7500, CE: 0.4882
                                                   
{'loss': 10.0148, 'grad_norm': 20.125, 'learning_rate': 1.0870019424802658e-06, 'epoch': 2.6}
{'loss': 10.5898, 'grad_norm': 17.0, 'learning_rate': 1.0753079357119134e-06, 'epoch': 2.6}
{'loss': 9.876, 'grad_norm': 19.75, 'learning_rate': 1.0636735967658785e-06, 'epoch': 2.6}
{'loss': 10.5669, 'grad_norm': 20.0, 'learning_rate': 1.0520990034258726e-06, 'epoch': 2.6}
{'loss': 10.0483, 'grad_norm': 17.25, 'learning_rate': 1.0405842330761651e-06, 'epoch': 2.61}
{'loss': 10.0811, 'grad_norm': 18.375, 'learning_rate': 1.0291293627010678e-06, 'epoch': 2.61}
{'loss': 10.2319, 'grad_norm': 24.75, 'learning_rate': 1.017734468884417e-06, 'epoch': 2.61}
{'loss': 10.1396, 'grad_norm': 19.875, 'learning_rate': 1.0063996278090704e-06, 'epoch': 2.61}
{'loss': 9.7781, 'grad_norm': 17.125, 'learning_rate': 9.95124915256378e-07, 'epoch': 2.62}
{'loss': 10.8403, 'grad_norm': 23.125, 'learning_rate': 9.839104066057025e-07, 'epoch': 2.62}
{'loss': 10.4373, 'grad_norm': 23.25, 'learning_rate': 9.727561768338956e-07, 'epoch': 2.62}
{'loss': 10.0854, 'grad_norm': 17.75, 'learning_rate': 9.616623005147952e-07, 'epoch': 2.62}
{'loss': 9.9023, 'grad_norm': 25.375, 'learning_rate': 9.506288518187468e-07, 'epoch': 2.62}
{'loss': 9.8638, 'grad_norm': 17.25, 'learning_rate': 9.396559045120879e-07, 'epoch': 2.63}
{'loss': 10.6906, 'grad_norm': 21.75, 'learning_rate': 9.287435319566618e-07, 'epoch': 2.63}
{'loss': 10.5716, 'grad_norm': 21.0, 'learning_rate': 9.17891807109329e-07, 'epoch': 2.63}
{'loss': 10.2444, 'grad_norm': 19.875, 'learning_rate': 9.071008025214767e-07, 'epoch': 2.63}
{'loss': 10.3858, 'grad_norm': 18.0, 'learning_rate': 8.963705903385344e-07, 'epoch': 2.64}
{'loss': 10.659, 'grad_norm': 19.375, 'learning_rate': 8.857012422994915e-07, 'epoch': 2.64}
{'loss': 10.0436, 'grad_norm': 18.75, 'learning_rate': 8.750928297364192e-07, 'epoch': 2.64}
{'loss': 10.7564, 'grad_norm': 20.75, 'learning_rate': 8.645454235739903e-07, 'epoch': 2.64}
{'loss': 10.2724, 'grad_norm': 18.125, 'learning_rate': 8.540590943290128e-07, 'epoch': 2.64}
{'loss': 10.2462, 'grad_norm': 17.5, 'learning_rate': 8.436339121099413e-07, 'epoch': 2.65}
{'loss': 11.0091, 'grad_norm': 18.875, 'learning_rate': 8.332699466164307e-07, 'epoch': 2.65}
{'loss': 10.6636, 'grad_norm': 19.75, 'learning_rate': 8.229672671388578e-07, 'epoch': 2.65}
{'loss': 10.0788, 'grad_norm': 18.5, 'learning_rate': 8.127259425578493e-07, 'epoch': 2.65}
{'loss': 10.2665, 'grad_norm': 20.25, 'learning_rate': 8.025460413438457e-07, 'epoch': 2.66}
{'loss': 10.3835, 'grad_norm': 19.25, 'learning_rate': 7.924276315566171e-07, 'epoch': 2.66}
{'loss': 11.1444, 'grad_norm': 19.25, 'learning_rate': 7.823707808448289e-07, 'epoch': 2.66}
{'loss': 10.2583, 'grad_norm': 19.375, 'learning_rate': 7.723755564455771e-07, 'epoch': 2.66}
{'loss': 10.4208, 'grad_norm': 20.0, 'learning_rate': 7.624420251839426e-07, 'epoch': 2.66}
{'loss': 10.3036, 'grad_norm': 16.125, 'learning_rate': 7.525702534725443e-07, 'epoch': 2.67}
{'loss_kd_logits': 0.9754778742790222, 'loss_kd_hidden': 1.7578125, 'loss_ce': 0.6277278065681458, 'epoch': 2.67}
{'loss_kd_logits': 1.1132344007492065, 'loss_kd_hidden': 1.75, 'loss_ce': 0.8174342513084412, 'epoch': 2.67}
{'loss_kd_logits': 1.0970298051834106, 'loss_kd_hidden': 1.75, 'loss_ce': 0.5759571194648743, 'epoch': 2.67}
{'loss_kd_logits': 1.363903284072876, 'loss_kd_hidden': 1.7578125, 'loss_ce': 0.8155583739280701, 'epoch': 2.67}
{'loss_kd_logits': 1.02500581741333, 'loss_kd_hidden': 1.7421875, 'loss_ce': 0.6280065774917603, 'epoch': 2.67}
{'loss_kd_logits': 0.9841344356536865, 'loss_kd_hidden': 1.75, 'loss_ce': 0.6262466907501221, 'epoch': 2.67}
{'loss_kd_logits': 0.9850550293922424, 'loss_kd_hidden': 1.75, 'loss_ce': 0.5645956993103027, 'epoch': 2.67}
{'loss_kd_logits': 0.9350626468658447, 'loss_kd_hidden': 1.75, 'loss_ce': 0.4881671667098999, 'epoch': 2.67}
{'loss': 10.3133, 'grad_norm': 25.625, 'learning_rate': 7.427603073110967e-07, 'epoch': 2.67}
{'loss': 10.7025, 'grad_norm': 20.875, 'learning_rate': 7.330122522859661e-07, 'epoch': 2.67}
{'loss': 11.7947, 'grad_norm': 23.375, 'learning_rate': 7.233261535697333e-07, 'epoch': 2.67}
{'loss': 9.7165, 'grad_norm': 20.125, 'learning_rate': 7.13702075920758e-07, 'epoch': 2.68}
{'loss': 9.8798, 'grad_norm': 22.125, 'learning_rate': 7.041400836827439e-07, 'epoch': 2.68}
{'loss': 11.0248, 'grad_norm': 24.625, 'learning_rate': 6.946402407843156e-07, 'epoch': 2.68}
{'loss': 11.3394, 'grad_norm': 20.125, 'learning_rate': 6.852026107385756e-07, 'epoch': 2.68}
{'loss': 11.088, 'grad_norm': 24.0, 'learning_rate': 6.758272566427027e-07, 'epoch': 2.68}
{'loss': 10.4849, 'grad_norm': 26.875, 'learning_rate': 6.665142411775094e-07, 'epoch': 2.69}
{'loss': 10.6418, 'grad_norm': 22.375, 'learning_rate': 6.572636266070265e-07, 'epoch': 2.69}
{'loss': 10.0332, 'grad_norm': 19.125, 'learning_rate': 6.480754747781037e-07, 'epoch': 2.69}
{'loss': 9.9338, 'grad_norm': 20.625, 'learning_rate': 6.389498471199729e-07, 'epoch': 2.69}
{'loss': 11.0632, 'grad_norm': 25.375, 'learning_rate': 6.298868046438533e-07, 'epoch': 2.7}
{'loss': 10.4913, 'grad_norm': 21.75, 'learning_rate': 6.208864079425347e-07, 'epoch': 2.7}
{'loss': 10.2945, 'grad_norm': 16.875, 'learning_rate': 6.119487171899807e-07, 'epoch': 2.7}
{'loss': 10.7327, 'grad_norm': 20.375, 'learning_rate': 6.030737921409169e-07, 'epoch': 2.7}
{'loss': 10.093, 'grad_norm': 16.875, 'learning_rate': 5.94261692130439e-07, 'epoch': 2.7}
{'loss': 10.9313, 'grad_norm': 34.25, 'learning_rate': 5.855124760736119e-07, 'epoch': 2.71}
{'loss': 10.6543, 'grad_norm': 19.75, 'learning_rate': 5.768262024650773e-07, 'epoch': 2.71}
{'loss': 10.3733, 'grad_norm': 22.0, 'learning_rate': 5.682029293786673e-07, 'epoch': 2.71}
{'loss': 10.6061, 'grad_norm': 19.375, 'learning_rate': 5.596427144670002e-07, 'epoch': 2.71}
{'loss': 11.2063, 'grad_norm': 20.875, 'learning_rate': 5.511456149611194e-07, 'epoch': 2.72}
{'loss': 10.5846, 'grad_norm': 22.375, 'learning_rate': 5.427116876700877e-07, 'epoch': 2.72}
{'loss': 10.3285, 'grad_norm': 20.0, 'learning_rate': 5.343409889806195e-07, 'epoch': 2.72}
{'loss': 10.7255, 'grad_norm': 19.625, 'learning_rate': 5.26033574856708e-07, 'epoch': 2.72}
{'loss': 9.805, 'grad_norm': 15.5, 'learning_rate': 5.177895008392353e-07, 'epoch': 2.72}
{'loss': 10.3751, 'grad_norm': 19.375, 'learning_rate': 5.096088220456175e-07, 'epoch': 2.73}
{'loss': 10.7719, 'grad_norm': 23.0, 'learning_rate': 5.014915931694253e-07, 'epoch': 2.73}
{'loss': 10.8263, 'grad_norm': 19.125, 'learning_rate': 4.934378684800256e-07, 'epoch': 2.73}
{'loss': 10.6423, 'grad_norm': 20.375, 'learning_rate': 4.854477018222103e-07, 'epoch': 2.73}
{'loss': 10.8675, 'grad_norm': 20.0, 'learning_rate': 4.775211466158469e-07, 'epoch': 2.74}
{'loss': 10.217, 'grad_norm': 19.125, 'learning_rate': 4.696582558555129e-07, 'epoch': 2.74}
{'loss': 10.4503, 'grad_norm': 19.125, 'learning_rate': 4.618590821101432e-07, 'epoch': 2.74}
{'loss': 10.303, 'grad_norm': 21.375, 'learning_rate': 4.5412367752268094e-07, 'epoch': 2.74}
{'loss': 10.2944, 'grad_norm': 27.0, 'learning_rate': 4.464520938097294e-07, 'epoch': 2.74}
{'loss': 10.6589, 'grad_norm': 18.75, 'learning_rate': 4.388443822612043e-07, 'epoch': 2.75}
{'loss': 10.7124, 'grad_norm': 19.0, 'learning_rate': 4.313005937399861e-07, 'epoch': 2.75}
{'loss': 11.267, 'grad_norm': 19.0, 'learning_rate': 4.2382077868159286e-07, 'epoch': 2.75}
{'loss': 10.9911, 'grad_norm': 21.375, 'learning_rate': 4.164049870938314e-07, 'epoch': 2.75}
{'loss': 11.2741, 'grad_norm': 22.125, 'learning_rate': 4.0905326855646186e-07, 'epoch': 2.76}
{'loss': 10.3436, 'grad_norm': 17.25, 'learning_rate': 4.017656722208807e-07, 'epoch': 2.76}
{'loss': 10.4221, 'grad_norm': 20.25, 'learning_rate': 3.9454224680977703e-07, 'epoch': 2.76}
{'loss': 11.0542, 'grad_norm': 19.5, 'learning_rate': 3.8738304061681107e-07, 'epoch': 2.76}
{'loss': 9.7429, 'grad_norm': 17.75, 'learning_rate': 3.802881015062965e-07, 'epoch': 2.76}
{'loss': 10.7694, 'grad_norm': 19.75, 'learning_rate': 3.732574769128738e-07, 'epoch': 2.77}
{'loss': 10.702, 'grad_norm': 19.5, 'learning_rate': 3.662912138411967e-07, 'epoch': 2.77}

 92%|█████████▏| 1247/1350 [29:50<02:22,  1.39s/it]
                                                   
{'loss': 10.2024, 'grad_norm': 20.125, 'learning_rate': 3.593893588656172e-07, 'epoch': 2.77}
{'loss': 10.0586, 'grad_norm': 17.0, 'learning_rate': 3.525519581298731e-07, 'epoch': 2.77}
{'loss': 10.8951, 'grad_norm': 20.5, 'learning_rate': 3.457790573467812e-07, 'epoch': 2.78}
{'loss': 9.8291, 'grad_norm': 20.25, 'learning_rate': 3.390707017979311e-07, 'epoch': 2.78}
{'loss_kd_logits': 0.9051473736763, 'loss_kd_hidden': 1.7421875, 'loss_ce': 0.7125237584114075, 'epoch': 2.78}
{'loss_kd_logits': 1.1979739665985107, 'loss_kd_hidden': 1.7578125, 'loss_ce': 0.7451221346855164, 'epoch': 2.78}
{'loss_kd_logits': 1.1863957643508911, 'loss_kd_hidden': 1.75, 'loss_ce': 0.7385048270225525, 'epoch': 2.78}
{'loss_kd_logits': 0.9376639127731323, 'loss_kd_hidden': 1.75, 'loss_ce': 0.5094872713088989, 'epoch': 2.78}
{'loss_kd_logits': 0.8050257563591003, 'loss_kd_hidden': 1.7421875, 'loss_ce': 0.48512065410614014, 'epoch': 2.78}
{'loss_kd_logits': 0.9985602498054504, 'loss_kd_hidden': 1.7578125, 'loss_ce': 0.8794485330581665, 'epoch': 2.78}
{'loss_kd_logits': 1.2123810052871704, 'loss_kd_hidden': 1.75, 'loss_ce': 0.5385284423828125, 'epoch': 2.78}
{'loss_kd_logits': 0.8824717402458191, 'loss_kd_hidden': 1.75, 'loss_ce': 0.7991921305656433, 'epoch': 2.78}
{'loss': 10.2668, 'grad_norm': 19.75, 'learning_rate': 3.3242693633337986e-07, 'epoch': 2.78}
{'loss': 10.1422, 'grad_norm': 25.25, 'learning_rate': 3.2584780537136206e-07, 'epoch': 2.78}
{'loss': 10.3854, 'grad_norm': 18.0, 'learning_rate': 3.1933335289797364e-07, 'epoch': 2.78}
{'loss': 10.2851, 'grad_norm': 25.25, 'learning_rate': 3.128836224668985e-07, 'epoch': 2.79}
{'loss': 11.0705, 'grad_norm': 24.625, 'learning_rate': 3.06498657199108e-07, 'epoch': 2.79}
{'loss': 10.7592, 'grad_norm': 19.25, 'learning_rate': 3.001784997825652e-07, 'epoch': 2.79}
{'loss': 10.3347, 'grad_norm': 19.75, 'learning_rate': 2.9392319247195767e-07, 'epoch': 2.79}
{'loss': 10.6247, 'grad_norm': 23.375, 'learning_rate': 2.877327770883964e-07, 'epoch': 2.8}
{'loss': 10.269, 'grad_norm': 24.0, 'learning_rate': 2.8160729501914954e-07, 'epoch': 2.8}
{'loss': 9.4246, 'grad_norm': 17.0, 'learning_rate': 2.7554678721735675e-07, 'epoch': 2.8}
{'loss': 10.0718, 'grad_norm': 22.75, 'learning_rate': 2.6955129420176193e-07, 'epoch': 2.8}
{'loss': 10.3875, 'grad_norm': 21.25, 'learning_rate': 2.636208560564379e-07, 'epoch': 2.8}
{'loss': 10.043, 'grad_norm': 17.625, 'learning_rate': 2.577555124305209e-07, 'epoch': 2.81}
{'loss': 10.76, 'grad_norm': 23.125, 'learning_rate': 2.51955302537944e-07, 'epoch': 2.81}
{'loss': 10.1977, 'grad_norm': 16.75, 'learning_rate': 2.4622026515717654e-07, 'epoch': 2.81}
{'loss': 10.6124, 'grad_norm': 18.375, 'learning_rate': 2.405504386309643e-07, 'epoch': 2.81}
{'loss': 10.2166, 'grad_norm': 18.5, 'learning_rate': 2.349458608660704e-07, 'epoch': 2.82}
{'loss': 9.9348, 'grad_norm': 17.625, 'learning_rate': 2.2940656933302607e-07, 'epoch': 2.82}
{'loss': 10.9608, 'grad_norm': 20.625, 'learning_rate': 2.2393260106588043e-07, 'epoch': 2.82}
{'loss': 10.2839, 'grad_norm': 21.875, 'learning_rate': 2.1852399266194312e-07, 'epoch': 2.82}
{'loss': 10.7111, 'grad_norm': 24.625, 'learning_rate': 2.1318078028155886e-07, 'epoch': 2.82}
{'loss': 10.9411, 'grad_norm': 22.125, 'learning_rate': 2.0790299964784211e-07, 'epoch': 2.83}
{'loss': 10.4425, 'grad_norm': 17.5, 'learning_rate': 2.0269068604646058e-07, 'epoch': 2.83}
{'loss': 9.9827, 'grad_norm': 18.25, 'learning_rate': 1.9754387432538101e-07, 'epoch': 2.83}
{'loss': 9.8065, 'grad_norm': 16.375, 'learning_rate': 1.9246259889464935e-07, 'epoch': 2.83}
{'loss': 10.5672, 'grad_norm': 21.25, 'learning_rate': 1.874468937261531e-07, 'epoch': 2.84}
{'loss': 10.546, 'grad_norm': 22.0, 'learning_rate': 1.824967923533971e-07, 'epoch': 2.84}
{'loss': 10.3901, 'grad_norm': 22.25, 'learning_rate': 1.7761232787127936e-07, 'epoch': 2.84}
{'loss': 10.1823, 'grad_norm': 25.125, 'learning_rate': 1.7279353293586765e-07, 'epoch': 2.84}
{'loss': 11.417, 'grad_norm': 24.25, 'learning_rate': 1.6804043976418438e-07, 'epoch': 2.84}
{'loss': 9.9289, 'grad_norm': 19.0, 'learning_rate': 1.6335308013398888e-07, 'epoch': 2.85}
{'loss': 10.9211, 'grad_norm': 19.125, 'learning_rate': 1.5873148538356752e-07, 'epoch': 2.85}
{'loss': 10.7145, 'grad_norm': 19.375, 'learning_rate': 1.5417568641151848e-07, 'epoch': 2.85}
{'loss': 10.923, 'grad_norm': 25.125, 'learning_rate': 1.4968571367655282e-07, 'epoch': 2.85}
{'loss': 10.2202, 'grad_norm': 19.875, 'learning_rate': 1.4526159719728595e-07, 'epoch': 2.86}
{'loss': 10.4781, 'grad_norm': 20.25, 'learning_rate': 1.409033665520354e-07, 'epoch': 2.86}
{'loss': 10.7383, 'grad_norm': 20.625, 'learning_rate': 1.3661105087863003e-07, 'epoch': 2.86}
{'loss': 10.1036, 'grad_norm': 19.75, 'learning_rate': 1.323846788742078e-07, 'epoch': 2.86}
{'loss': 10.9555, 'grad_norm': 26.25, 'learning_rate': 1.282242787950294e-07, 'epoch': 2.86}
{'loss': 10.0301, 'grad_norm': 22.875, 'learning_rate': 1.24129878456285e-07, 'epoch': 2.87}
{'loss': 11.121, 'grad_norm': 25.625, 'learning_rate': 1.201015052319099e-07, 'epoch': 2.87}
{'loss': 10.8544, 'grad_norm': 24.875, 'learning_rate': 1.1613918605440477e-07, 'epoch': 2.87}
{'loss': 10.8071, 'grad_norm': 20.875, 'learning_rate': 1.1224294741464914e-07, 'epoch': 2.87}
{'loss': 10.7711, 'grad_norm': 20.125, 'learning_rate': 1.084128153617292e-07, 'epoch': 2.88}
{'loss': 10.0151, 'grad_norm': 17.0, 'learning_rate': 1.0464881550276362e-07, 'epoch': 2.88}
{'loss': 9.6987, 'grad_norm': 15.25, 'learning_rate': 1.0095097300273026e-07, 'epoch': 2.88}
{'loss': 10.7537, 'grad_norm': 21.375, 'learning_rate': 9.731931258429638e-08, 'epoch': 2.88}
{'loss': 10.0851, 'grad_norm': 18.75, 'learning_rate': 9.375385852765983e-08, 'epoch': 2.88}
{'loss': 10.453, 'grad_norm': 18.375, 'learning_rate': 9.02546346703792e-08, 'epoch': 2.89}
{'loss': 10.2192, 'grad_norm': 17.875, 'learning_rate': 8.682166440721729e-08, 'epoch': 2.89}
{'loss_kd_logits': 0.8915925621986389, 'loss_kd_hidden': 1.75, 'loss_ce': 0.8738201856613159, 'epoch': 2.89}
{'loss_kd_logits': 0.8987783789634705, 'loss_kd_hidden': 1.7421875, 'loss_ce': 0.48097068071365356, 'epoch': 2.89}
{'loss_kd_logits': 1.0341765880584717, 'loss_kd_hidden': 1.75, 'loss_ce': 0.7282549738883972, 'epoch': 2.89}
{'loss_kd_logits': 0.845552921295166, 'loss_kd_hidden': 1.7421875, 'loss_ce': 0.6283196806907654, 'epoch': 2.89}
{'loss_kd_logits': 0.9388787150382996, 'loss_kd_hidden': 1.75, 'loss_ce': 0.6213764548301697, 'epoch': 2.89}
{'loss_kd_logits': 1.1250813007354736, 'loss_kd_hidden': 1.75, 'loss_ce': 1.0250012874603271, 'epoch': 2.89}
{'loss_kd_logits': 0.9237369894981384, 'loss_kd_hidden': 1.7421875, 'loss_ce': 0.8265159726142883, 'epoch': 2.89}
{'loss_kd_logits': 1.0695157051086426, 'loss_kd_hidden': 1.7421875, 'loss_ce': 0.776735782623291, 'epoch': 2.89}
{'loss': 10.3363, 'grad_norm': 17.75, 'learning_rate': 8.345497068998897e-08, 'epoch': 2.89}
{'loss': 10.9509, 'grad_norm': 21.875, 'learning_rate': 8.015457602740029e-08, 'epoch': 2.89}
{'loss': 10.6798, 'grad_norm': 21.25, 'learning_rate': 7.692050248490291e-08, 'epoch': 2.9}
{'loss': 10.5778, 'grad_norm': 19.375, 'learning_rate': 7.375277168454764e-08, 'epoch': 2.9}
{'loss': 10.6343, 'grad_norm': 25.875, 'learning_rate': 7.065140480483235e-08, 'epoch': 2.9}
{'loss': 10.1934, 'grad_norm': 17.75, 'learning_rate': 6.761642258056977e-08, 'epoch': 2.9}
{'loss': 10.6164, 'grad_norm': 18.75, 'learning_rate': 6.464784530274438e-08, 'epoch': 2.9}
{'loss': 10.4273, 'grad_norm': 21.75, 'learning_rate': 6.174569281837573e-08, 'epoch': 2.91}
{'loss': 11.0286, 'grad_norm': 27.75, 'learning_rate': 5.890998453038643e-08, 'epoch': 2.91}
{'loss': 10.2406, 'grad_norm': 16.5, 'learning_rate': 5.6140739397474445e-08, 'epoch': 2.91}
{'loss': 11.1753, 'grad_norm': 18.625, 'learning_rate': 5.3437975933985366e-08, 'epoch': 2.91}
{'loss': 9.8387, 'grad_norm': 17.375, 'learning_rate': 5.080171220978813e-08, 'epoch': 2.92}
{'loss': 10.6916, 'grad_norm': 21.875, 'learning_rate': 4.823196585015066e-08, 'epoch': 2.92}
{'loss': 10.1064, 'grad_norm': 22.5, 'learning_rate': 4.572875403563215e-08, 'epoch': 2.92}
{'loss': 11.2289, 'grad_norm': 23.0, 'learning_rate': 4.329209350195651e-08, 'epoch': 2.92}
{'loss': 10.52, 'grad_norm': 21.375, 'learning_rate': 4.0922000539906914e-08, 'epoch': 2.92}
{'loss': 10.3501, 'grad_norm': 19.875, 'learning_rate': 3.8618490995216973e-08, 'epoch': 2.93}
{'loss': 11.0439, 'grad_norm': 27.0, 'learning_rate': 3.6381580268463056e-08, 'epoch': 2.93}
{'loss': 10.9875, 'grad_norm': 22.0, 'learning_rate': 3.421128331495993e-08, 'epoch': 2.93}
{'loss': 10.7486, 'grad_norm': 17.25, 'learning_rate': 3.210761464466639e-08, 'epoch': 2.93}
{'loss': 11.3022, 'grad_norm': 29.875, 'learning_rate': 3.0070588322079765e-08, 'epoch': 2.94}
{'loss': 10.2729, 'grad_norm': 19.625, 'learning_rate': 2.8100217966149367e-08, 'epoch': 2.94}
{'loss': 10.5802, 'grad_norm': 18.625, 'learning_rate': 2.6196516750183198e-08, 'epoch': 2.94}
{'loss': 10.0454, 'grad_norm': 20.75, 'learning_rate': 2.4359497401758026e-08, 'epoch': 2.94}
{'loss': 10.84, 'grad_norm': 20.375, 'learning_rate': 2.2589172202635014e-08, 'epoch': 2.94}
{'loss': 10.7358, 'grad_norm': 20.5, 'learning_rate': 2.088555298867978e-08, 'epoch': 2.95}
{'loss': 9.9165, 'grad_norm': 18.0, 'learning_rate': 1.924865114978025e-08, 'epoch': 2.95}
{'loss': 10.5819, 'grad_norm': 18.375, 'learning_rate': 1.767847762977337e-08, 'epoch': 2.95}
{'loss': 10.632, 'grad_norm': 20.5, 'learning_rate': 1.617504292636962e-08, 'epoch': 2.95}
{'loss': 9.8523, 'grad_norm': 24.75, 'learning_rate': 1.4738357091084177e-08, 'epoch': 2.96}
{'loss': 9.8547, 'grad_norm': 17.75, 'learning_rate': 1.3368429729168075e-08, 'epoch': 2.96}
{'loss': 10.7673, 'grad_norm': 19.75, 'learning_rate': 1.2065269999546047e-08, 'epoch': 2.96}
{'loss': 10.7382, 'grad_norm': 23.875, 'learning_rate': 1.0828886614754342e-08, 'epoch': 2.96}
{'loss': 10.3875, 'grad_norm': 16.375, 'learning_rate': 9.659287840884101e-09, 'epoch': 2.96}
{'loss': 10.6898, 'grad_norm': 22.25, 'learning_rate': 8.556481497521418e-09, 'epoch': 2.97}
{'loss': 10.4211, 'grad_norm': 17.875, 'learning_rate': 7.520474957699586e-09, 'epoch': 2.97}
{'loss': 10.6253, 'grad_norm': 18.25, 'learning_rate': 6.551275147849145e-09, 'epoch': 2.97}
{'loss': 10.9145, 'grad_norm': 20.625, 'learning_rate': 5.648888547750142e-09, 'epoch': 2.97}
{'loss': 10.5139, 'grad_norm': 18.375, 'learning_rate': 4.813321190488829e-09, 'epoch': 2.98}
{'loss': 9.9747, 'grad_norm': 17.25, 'learning_rate': 4.044578662419918e-09, 'epoch': 2.98}
{'loss': 10.5614, 'grad_norm': 19.375, 'learning_rate': 3.3426661031255024e-09, 'epoch': 2.98}
{'loss': 10.3251, 'grad_norm': 20.125, 'learning_rate': 2.7075882053828605e-09, 'epoch': 2.98}
{'loss': 10.5513, 'grad_norm': 19.875, 'learning_rate': 2.1393492151333684e-09, 'epoch': 2.98}
{'loss': 10.6104, 'grad_norm': 16.75, 'learning_rate': 1.6379529314525243e-09, 'epoch': 2.99}
{'loss': 10.2489, 'grad_norm': 16.75, 'learning_rate': 1.203402706525525e-09, 'epoch': 2.99}
{'loss': 10.2883, 'grad_norm': 19.5, 'learning_rate': 8.357014456272794e-10, 'epoch': 2.99}
{'loss': 10.6725, 'grad_norm': 24.625, 'learning_rate': 5.348516070957655e-10, 'epoch': 2.99}
{'loss': 9.9204, 'grad_norm': 15.875, 'learning_rate': 3.008552023242572e-10, 'epoch': 3.0}
{'loss': 10.3765, 'grad_norm': 18.125, 'learning_rate': 1.337137957424517e-10, 'epoch': 3.0}
{'loss': 10.5478, 'grad_norm': 21.125, 'learning_rate': 3.342850480869686e-11, 'epoch': 3.0}
{'train_runtime': 1940.6471, 'train_samples_per_second': 5.565, 'train_steps_per_second': 0.696, 'train_loss': 11.392378017284251, 'epoch': 3.0}

 97%|█████████▋| 1315/1350 [31:28<00:48,  1.40s/it]
100%|██████████| 1350/1350 [32:20<00:00,  1.44s/it]
2025-12-22 00:08:22,864 - src.distill - INFO - Saving model to results
2025-12-22 00:08:24,160 - src.distill - INFO - Saving adaptation layer to results/adaptation_layer.pth
2025-12-22 00:08:24,253 - src.distill - INFO - Training completed successfully!
2025-12-22 00:08:24,253 - src.distill - INFO - Pushing model to HuggingFace Hub (repo: qwen3-0.6b-leet10k-student)...
2025-12-22 00:08:27,624 - src.distill - ERROR - Error pushing model to HuggingFace Hub: Trainer.create_model_card() got an unexpected keyword argument 'repo_name'
Traceback (most recent call last):
  File "/root/autodl-tmp/alias-distill-kit/src/distill.py", line 527, in main
    trainer.push_to_hub(repo_name=repo_name)
  File "/root/miniconda3/lib/python3.10/site-packages/transformers/trainer.py", line 4837, in push_to_hub
    self.create_model_card(model_name=model_name, **kwargs)
TypeError: Trainer.create_model_card() got an unexpected keyword argument 'repo_name'
2025-12-22 00:08:27,656 - __main__ - INFO - Distillation completed successfully!
2025-12-22 00:08:27,657 - __main__ - INFO - 
Starting evaluation...
2025-12-22 00:08:27,657 - src.evaluate - INFO - Starting model evaluation...
2025-12-22 00:08:28,434 - src.evaluate - INFO - Loading test dataset...
2025-12-22 00:08:28,434 - src.data_processing - INFO - Loading test split from cache: ./dataset_cache/QuixiAI_leet10k-alpaca_test
2025-12-22 00:08:28,439 - src.evaluate - INFO - Test dataset loaded with 400 samples
2025-12-22 00:08:28,440 - src.evaluate - INFO - Evaluating teacher_origin: Qwen/Qwen3-1.7B
2025-12-22 00:08:30,534 - accelerate.utils.modeling - INFO - We will use 90% of the memory on device 0 for storing the model, and 10% for the buffer to avoid OOM. You can set `max_memory` in to a higher value to use more memory (at your own risk).


Loading checkpoint shards:   0%|          | 0/2 [00:00<?, ?it/s]
Loading checkpoint shards:  50%|█████     | 1/2 [00:00<00:00,  1.19it/s]
Loading checkpoint shards: 100%|██████████| 2/2 [00:00<00:00,  2.30it/s]
Loading checkpoint shards: 100%|██████████| 2/2 [00:00<00:00,  2.02it/s]
2025-12-22 00:08:31,947 - src.evaluate - INFO - Computing perplexity for teacher_origin...

  0%|          | 0/100 [00:00<?, ?it/s]
  2%|▏         | 2/100 [00:00<00:07, 12.31it/s]
  4%|▍         | 4/100 [00:00<00:06, 15.28it/s]
  6%|▌         | 6/100 [00:00<00:05, 17.06it/s]
  8%|▊         | 8/100 [00:00<00:06, 14.55it/s]
 10%|█         | 10/100 [00:00<00:06, 14.17it/s]
 12%|█▏        | 12/100 [00:00<00:06, 13.78it/s]
 14%|█▍        | 14/100 [00:01<00:06, 13.11it/s]
 16%|█▌        | 16/100 [00:01<00:07, 11.46it/s]
 18%|█▊        | 18/100 [00:01<00:07, 11.66it/s]
 21%|██        | 21/100 [00:01<00:05, 13.63it/s]
 23%|██▎       | 23/100 [00:01<00:05, 14.70it/s]
 25%|██▌       | 25/100 [00:01<00:05, 14.02it/s]
 27%|██▋       | 27/100 [00:01<00:05, 13.91it/s]
 29%|██▉       | 29/100 [00:02<00:04, 15.20it/s]
 31%|███       | 31/100 [00:02<00:05, 11.94it/s]
 33%|███▎      | 33/100 [00:02<00:05, 11.91it/s]
 35%|███▌      | 35/100 [00:02<00:04, 13.17it/s]
 37%|███▋      | 37/100 [00:02<00:05, 11.77it/s]
 39%|███▉      | 39/100 [00:02<00:05, 11.82it/s]
 41%|████      | 41/100 [00:03<00:04, 12.43it/s]
 43%|████▎     | 43/100 [00:03<00:05,  9.96it/s]
 45%|████▌     | 45/100 [00:03<00:04, 11.53it/s]
 47%|████▋     | 47/100 [00:03<00:05, 10.22it/s]
 49%|████▉     | 49/100 [00:03<00:04, 10.66it/s]
 51%|█████     | 51/100 [00:04<00:04, 10.27it/s]
 53%|█████▎    | 53/100 [00:04<00:04, 10.86it/s]
 55%|█████▌    | 55/100 [00:04<00:04, 10.19it/s]
 58%|█████▊    | 58/100 [00:04<00:03, 13.18it/s]
 60%|██████    | 60/100 [00:04<00:02, 14.45it/s]
 62%|██████▏   | 62/100 [00:04<00:02, 14.05it/s]
 64%|██████▍   | 64/100 [00:05<00:02, 13.99it/s]
 66%|██████▌   | 66/100 [00:05<00:02, 12.18it/s]
 68%|██████▊   | 68/100 [00:05<00:02, 12.16it/s]
 70%|███████   | 70/100 [00:05<00:02, 10.85it/s]
 72%|███████▏  | 72/100 [00:05<00:02, 10.98it/s]
 74%|███████▍  | 74/100 [00:05<00:02, 12.12it/s]
 76%|███████▌  | 76/100 [00:06<00:01, 12.11it/s]
 78%|███████▊  | 78/100 [00:06<00:01, 11.41it/s]
 80%|████████  | 80/100 [00:06<00:01, 10.66it/s]
 82%|████████▏ | 82/100 [00:06<00:01, 11.37it/s]
 84%|████████▍ | 84/100 [00:06<00:01, 12.20it/s]
 86%|████████▌ | 86/100 [00:07<00:01, 12.54it/s]
 88%|████████▊ | 88/100 [00:07<00:00, 12.73it/s]
 90%|█████████ | 90/100 [00:07<00:00, 12.61it/s]
 92%|█████████▏| 92/100 [00:07<00:00, 13.01it/s]
 94%|█████████▍| 94/100 [00:07<00:00, 12.67it/s]
 96%|█████████▌| 96/100 [00:07<00:00, 13.23it/s]
 98%|█████████▊| 98/100 [00:07<00:00, 14.29it/s]
100%|██████████| 100/100 [00:08<00:00, 13.61it/s]
100%|██████████| 100/100 [00:08<00:00, 12.44it/s]
2025-12-22 00:08:39,990 - src.evaluate - INFO - Generating predictions for teacher_origin...

Generating predictions:   0%|          | 0/100 [00:00<?, ?sample/s]/root/miniconda3/lib/python3.10/site-packages/transformers/generation/configuration_utils.py:631: UserWarning: `do_sample` is set to `False`. However, `temperature` is set to `0.6` -- this flag is only used in sample-based generation modes. You should set `do_sample=True` or unset `temperature`.
  warnings.warn(
/root/miniconda3/lib/python3.10/site-packages/transformers/generation/configuration_utils.py:636: UserWarning: `do_sample` is set to `False`. However, `top_p` is set to `0.95` -- this flag is only used in sample-based generation modes. You should set `do_sample=True` or unset `top_p`.
  warnings.warn(
/root/miniconda3/lib/python3.10/site-packages/transformers/generation/configuration_utils.py:653: UserWarning: `do_sample` is set to `False`. However, `top_k` is set to `20` -- this flag is only used in sample-based generation modes. You should set `do_sample=True` or unset `top_k`.
  warnings.warn(
A decoder-only architecture is being used, but right-padding was detected! For correct generation results, please set `padding_side='left'` when initializing the tokenizer.

Generating predictions:   1%|          | 1/100 [00:41<1:08:04, 41.26s/sample]A decoder-only architecture is being used, but right-padding was detected! For correct generation results, please set `padding_side='left'` when initializing the tokenizer.

Generating predictions:   9%|▉         | 9/100 [01:43<15:48, 10.42s/sample]  A decoder-only architecture is being used, but right-padding was detected! For correct generation results, please set `padding_side='left'` when initializing the tokenizer.

Generating predictions:  17%|█▋        | 17/100 [02:42<12:01,  8.70s/sample]A decoder-only architecture is being used, but right-padding was detected! For correct generation results, please set `padding_side='left'` when initializing the tokenizer.

Generating predictions:  25%|██▌       | 25/100 [03:32<09:32,  7.63s/sample]A decoder-only architecture is being used, but right-padding was detected! For correct generation results, please set `padding_side='left'` when initializing the tokenizer.

Generating predictions:  33%|███▎      | 33/100 [04:24<08:00,  7.17s/sample]A decoder-only architecture is being used, but right-padding was detected! For correct generation results, please set `padding_side='left'` when initializing the tokenizer.

Generating predictions:  41%|████      | 41/100 [05:18<06:54,  7.02s/sample]A decoder-only architecture is being used, but right-padding was detected! For correct generation results, please set `padding_side='left'` when initializing the tokenizer.

Generating predictions:  49%|████▉     | 49/100 [06:03<05:35,  6.58s/sample]A decoder-only architecture is being used, but right-padding was detected! For correct generation results, please set `padding_side='left'` when initializing the tokenizer.

Generating predictions:  57%|█████▋    | 57/100 [06:44<04:21,  6.08s/sample]A decoder-only architecture is being used, but right-padding was detected! For correct generation results, please set `padding_side='left'` when initializing the tokenizer.

Generating predictions:  65%|██████▌   | 65/100 [07:24<03:21,  5.75s/sample]A decoder-only architecture is being used, but right-padding was detected! For correct generation results, please set `padding_side='left'` when initializing the tokenizer.

Generating predictions:  73%|███████▎  | 73/100 [09:17<03:45,  8.35s/sample]A decoder-only architecture is being used, but right-padding was detected! For correct generation results, please set `padding_side='left'` when initializing the tokenizer.

Generating predictions:  81%|████████  | 81/100 [09:55<02:17,  7.25s/sample]A decoder-only architecture is being used, but right-padding was detected! For correct generation results, please set `padding_side='left'` when initializing the tokenizer.

Generating predictions:  89%|████████▉ | 89/100 [11:19<01:30,  8.23s/sample]A decoder-only architecture is being used, but right-padding was detected! For correct generation results, please set `padding_side='left'` when initializing the tokenizer.

Generating predictions:  97%|█████████▋| 97/100 [11:50<00:20,  6.92s/sample]
Generating predictions: 100%|██████████| 100/100 [11:50<00:00,  7.10s/sample]
2025-12-22 00:20:30,582 - absl - INFO - Using default tokenizer.
2025-12-22 00:20:33,281 - src.evaluate - INFO - teacher_origin - Perplexity: 5.9079, F1: 0.2646, BLEU: 20.3997, ROUGE-L: 14.0130, Size: 3281.74MB
2025-12-22 00:20:33,621 - src.evaluate - INFO - Evaluating teacher: results_teacher
2025-12-22 00:20:34,289 - accelerate.utils.modeling - INFO - We will use 90% of the memory on device 0 for storing the model, and 10% for the buffer to avoid OOM. You can set `max_memory` in to a higher value to use more memory (at your own risk).
2025-12-22 00:20:34,950 - src.evaluate - INFO - Computing perplexity for teacher...

  0%|          | 0/100 [00:00<?, ?it/s]
  2%|▏         | 2/100 [00:00<00:07, 13.34it/s]
  4%|▍         | 4/100 [00:00<00:07, 13.09it/s]
  7%|▋         | 7/100 [00:00<00:06, 14.80it/s]
  9%|▉         | 9/100 [00:00<00:06, 13.66it/s]
 11%|█         | 11/100 [00:00<00:06, 14.03it/s]
 13%|█▎        | 13/100 [00:00<00:06, 13.23it/s]
 15%|█▌        | 15/100 [00:01<00:06, 13.23it/s]
 17%|█▋        | 17/100 [00:01<00:07, 11.45it/s]
 19%|█▉        | 19/100 [00:01<00:06, 12.90it/s]
 21%|██        | 21/100 [00:01<00:05, 13.46it/s]
 23%|██▎       | 23/100 [00:01<00:05, 14.74it/s]
 25%|██▌       | 25/100 [00:01<00:05, 14.10it/s]
 27%|██▋       | 27/100 [00:01<00:05, 14.04it/s]
 30%|███       | 30/100 [00:02<00:04, 14.82it/s]
 32%|███▏      | 32/100 [00:02<00:05, 12.08it/s]
 34%|███▍      | 34/100 [00:02<00:04, 13.22it/s]
 36%|███▌      | 36/100 [00:02<00:05, 11.51it/s]
 38%|███▊      | 38/100 [00:02<00:05, 12.14it/s]
 40%|████      | 40/100 [00:03<00:04, 12.45it/s]
 42%|████▏     | 42/100 [00:03<00:05, 11.32it/s]
 44%|████▍     | 44/100 [00:03<00:05, 10.44it/s]
 46%|████▌     | 46/100 [00:03<00:05, 10.42it/s]
 48%|████▊     | 48/100 [00:03<00:04, 10.82it/s]
 50%|█████     | 50/100 [00:04<00:04, 10.16it/s]
 52%|█████▏    | 52/100 [00:04<00:04, 11.05it/s]
 54%|█████▍    | 54/100 [00:04<00:04, 11.47it/s]
 56%|█████▌    | 56/100 [00:04<00:03, 11.52it/s]
 59%|█████▉    | 59/100 [00:04<00:03, 13.49it/s]
 61%|██████    | 61/100 [00:04<00:02, 14.49it/s]
 63%|██████▎   | 63/100 [00:04<00:02, 14.06it/s]
 65%|██████▌   | 65/100 [00:05<00:02, 12.48it/s]
 67%|██████▋   | 67/100 [00:05<00:02, 12.69it/s]
 69%|██████▉   | 69/100 [00:05<00:02, 11.13it/s]
 71%|███████   | 71/100 [00:05<00:02, 12.51it/s]
 73%|███████▎  | 73/100 [00:05<00:02, 11.53it/s]
 75%|███████▌  | 75/100 [00:06<00:02, 12.13it/s]
 77%|███████▋  | 77/100 [00:06<00:01, 13.43it/s]
 79%|███████▉  | 79/100 [00:06<00:02, 10.12it/s]
 81%|████████  | 81/100 [00:06<00:01, 11.06it/s]
 83%|████████▎ | 83/100 [00:06<00:01, 11.83it/s]
 85%|████████▌ | 85/100 [00:06<00:01, 12.28it/s]
 87%|████████▋ | 87/100 [00:07<00:01, 12.53it/s]
 89%|████████▉ | 89/100 [00:07<00:00, 12.70it/s]
 91%|█████████ | 91/100 [00:07<00:00, 13.14it/s]
 93%|█████████▎| 93/100 [00:07<00:00, 12.87it/s]
 95%|█████████▌| 95/100 [00:07<00:00, 13.07it/s]
 97%|█████████▋| 97/100 [00:07<00:00, 14.52it/s]
 99%|█████████▉| 99/100 [00:07<00:00, 13.76it/s]
100%|██████████| 100/100 [00:07<00:00, 12.51it/s]
2025-12-22 00:20:42,948 - src.evaluate - INFO - Generating predictions for teacher...

Generating predictions:   0%|          | 0/100 [00:00<?, ?sample/s]A decoder-only architecture is being used, but right-padding was detected! For correct generation results, please set `padding_side='left'` when initializing the tokenizer.

Generating predictions:   1%|          | 1/100 [00:15<24:54, 15.10s/sample]A decoder-only architecture is being used, but right-padding was detected! For correct generation results, please set `padding_side='left'` when initializing the tokenizer.

Generating predictions:   9%|▉         | 9/100 [00:35<05:20,  3.52s/sample]A decoder-only architecture is being used, but right-padding was detected! For correct generation results, please set `padding_side='left'` when initializing the tokenizer.

Generating predictions:  17%|█▋        | 17/100 [00:46<03:15,  2.36s/sample]A decoder-only architecture is being used, but right-padding was detected! For correct generation results, please set `padding_side='left'` when initializing the tokenizer.

Generating predictions:  25%|██▌       | 25/100 [01:09<03:11,  2.55s/sample]A decoder-only architecture is being used, but right-padding was detected! For correct generation results, please set `padding_side='left'` when initializing the tokenizer.

Generating predictions:  33%|███▎      | 33/100 [01:27<02:42,  2.43s/sample]A decoder-only architecture is being used, but right-padding was detected! For correct generation results, please set `padding_side='left'` when initializing the tokenizer.

Generating predictions:  41%|████      | 41/100 [01:44<02:18,  2.34s/sample]A decoder-only architecture is being used, but right-padding was detected! For correct generation results, please set `padding_side='left'` when initializing the tokenizer.

Generating predictions:  49%|████▉     | 49/100 [02:04<02:01,  2.37s/sample]A decoder-only architecture is being used, but right-padding was detected! For correct generation results, please set `padding_side='left'` when initializing the tokenizer.

Generating predictions:  57%|█████▋    | 57/100 [02:15<01:28,  2.06s/sample]A decoder-only architecture is being used, but right-padding was detected! For correct generation results, please set `padding_side='left'` when initializing the tokenizer.

Generating predictions:  65%|██████▌   | 65/100 [02:36<01:18,  2.24s/sample]A decoder-only architecture is being used, but right-padding was detected! For correct generation results, please set `padding_side='left'` when initializing the tokenizer.

Generating predictions:  73%|███████▎  | 73/100 [15:37<14:24, 32.03s/sample]A decoder-only architecture is being used, but right-padding was detected! For correct generation results, please set `padding_side='left'` when initializing the tokenizer.

Generating predictions:  81%|████████  | 81/100 [15:59<07:16, 22.99s/sample]A decoder-only architecture is being used, but right-padding was detected! For correct generation results, please set `padding_side='left'` when initializing the tokenizer.

Generating predictions:  89%|████████▉ | 89/100 [16:12<03:01, 16.46s/sample]A decoder-only architecture is being used, but right-padding was detected! For correct generation results, please set `padding_side='left'` when initializing the tokenizer.

Generating predictions:  97%|█████████▋| 97/100 [16:23<00:35, 11.85s/sample]
Generating predictions: 100%|██████████| 100/100 [16:23<00:00,  9.83s/sample]
2025-12-22 00:37:06,255 - absl - INFO - Using default tokenizer.
2025-12-22 00:37:07,582 - src.evaluate - INFO - teacher - Perplexity: 3.0423, F1: 0.2814, BLEU: 37.2630, ROUGE-L: 20.0534, Size: 3281.74MB
2025-12-22 00:37:07,806 - src.evaluate - INFO - Evaluating original_student: Qwen/Qwen3-0.6B
2025-12-22 00:37:09,558 - accelerate.utils.modeling - INFO - We will use 90% of the memory on device 0 for storing the model, and 10% for the buffer to avoid OOM. You can set `max_memory` in to a higher value to use more memory (at your own risk).
2025-12-22 00:37:10,486 - src.evaluate - INFO - Computing perplexity for original_student...

  0%|          | 0/100 [00:00<?, ?it/s]
  2%|▏         | 2/100 [00:00<00:05, 18.58it/s]
  5%|▌         | 5/100 [00:00<00:04, 22.67it/s]
  8%|▊         | 8/100 [00:00<00:03, 23.22it/s]
 11%|█         | 11/100 [00:00<00:03, 22.78it/s]
 14%|█▍        | 14/100 [00:00<00:03, 21.88it/s]
 17%|█▋        | 17/100 [00:00<00:04, 19.73it/s]
 20%|██        | 20/100 [00:00<00:03, 21.56it/s]
 23%|██▎       | 23/100 [00:01<00:03, 22.99it/s]
 26%|██▌       | 26/100 [00:01<00:03, 22.12it/s]
 29%|██▉       | 29/100 [00:01<00:03, 23.57it/s]
 32%|███▏      | 32/100 [00:01<00:03, 20.31it/s]
 35%|███▌      | 35/100 [00:01<00:03, 21.42it/s]
 38%|███▊      | 38/100 [00:01<00:03, 19.96it/s]
 41%|████      | 41/100 [00:01<00:02, 20.62it/s]
 44%|████▍     | 44/100 [00:02<00:03, 18.03it/s]
 46%|████▌     | 46/100 [00:02<00:03, 17.92it/s]
 48%|████▊     | 48/100 [00:02<00:02, 18.31it/s]
 50%|█████     | 50/100 [00:02<00:02, 17.49it/s]
 53%|█████▎    | 53/100 [00:02<00:02, 18.52it/s]
 55%|█████▌    | 55/100 [00:02<00:02, 17.74it/s]
 59%|█████▉    | 59/100 [00:02<00:01, 21.66it/s]
 62%|██████▏   | 62/100 [00:02<00:01, 23.00it/s]
 65%|██████▌   | 65/100 [00:03<00:01, 21.01it/s]
 68%|██████▊   | 68/100 [00:03<00:01, 21.06it/s]
 71%|███████   | 71/100 [00:03<00:01, 20.41it/s]
 74%|███████▍  | 74/100 [00:03<00:01, 19.61it/s]
 77%|███████▋  | 77/100 [00:03<00:01, 21.00it/s]
 80%|████████  | 80/100 [00:03<00:01, 18.10it/s]
 83%|████████▎ | 83/100 [00:04<00:00, 19.29it/s]
 86%|████████▌ | 86/100 [00:04<00:00, 20.15it/s]
 89%|████████▉ | 89/100 [00:04<00:00, 20.58it/s]
 92%|█████████▏| 92/100 [00:04<00:00, 21.10it/s]
 95%|█████████▌| 95/100 [00:04<00:00, 21.05it/s]
 98%|█████████▊| 98/100 [00:04<00:00, 22.08it/s]
100%|██████████| 100/100 [00:04<00:00, 20.57it/s]
2025-12-22 00:37:15,350 - src.evaluate - INFO - Generating predictions for original_student...

Generating predictions:   0%|          | 0/100 [00:00<?, ?sample/s]A decoder-only architecture is being used, but right-padding was detected! For correct generation results, please set `padding_side='left'` when initializing the tokenizer.

Generating predictions:   1%|          | 1/100 [00:18<31:18, 18.97s/sample]A decoder-only architecture is being used, but right-padding was detected! For correct generation results, please set `padding_side='left'` when initializing the tokenizer.

Generating predictions:   9%|▉         | 9/100 [00:55<08:42,  5.74s/sample]A decoder-only architecture is being used, but right-padding was detected! For correct generation results, please set `padding_side='left'` when initializing the tokenizer.

Generating predictions:  17%|█▋        | 17/100 [01:17<05:33,  4.02s/sample]A decoder-only architecture is being used, but right-padding was detected! For correct generation results, please set `padding_side='left'` when initializing the tokenizer.

Generating predictions:  25%|██▌       | 25/100 [01:42<04:31,  3.63s/sample]A decoder-only architecture is being used, but right-padding was detected! For correct generation results, please set `padding_side='left'` when initializing the tokenizer.

Generating predictions:  33%|███▎      | 33/100 [02:11<04:01,  3.61s/sample]A decoder-only architecture is being used, but right-padding was detected! For correct generation results, please set `padding_side='left'` when initializing the tokenizer.

Generating predictions:  41%|████      | 41/100 [02:33<03:16,  3.33s/sample]A decoder-only architecture is being used, but right-padding was detected! For correct generation results, please set `padding_side='left'` when initializing the tokenizer.

Generating predictions:  49%|████▉     | 49/100 [02:58<02:44,  3.23s/sample]A decoder-only architecture is being used, but right-padding was detected! For correct generation results, please set `padding_side='left'` when initializing the tokenizer.

Generating predictions:  57%|█████▋    | 57/100 [03:17<02:07,  2.98s/sample]A decoder-only architecture is being used, but right-padding was detected! For correct generation results, please set `padding_side='left'` when initializing the tokenizer.

Generating predictions:  65%|██████▌   | 65/100 [04:04<02:16,  3.90s/sample]A decoder-only architecture is being used, but right-padding was detected! For correct generation results, please set `padding_side='left'` when initializing the tokenizer.

Generating predictions:  73%|███████▎  | 73/100 [04:38<01:48,  4.01s/sample]A decoder-only architecture is being used, but right-padding was detected! For correct generation results, please set `padding_side='left'` when initializing the tokenizer.

Generating predictions:  81%|████████  | 81/100 [04:56<01:05,  3.45s/sample]A decoder-only architecture is being used, but right-padding was detected! For correct generation results, please set `padding_side='left'` when initializing the tokenizer.

Generating predictions:  89%|████████▉ | 89/100 [05:13<00:33,  3.04s/sample]A decoder-only architecture is being used, but right-padding was detected! For correct generation results, please set `padding_side='left'` when initializing the tokenizer.

Generating predictions:  97%|█████████▋| 97/100 [05:31<00:08,  2.82s/sample]
Generating predictions: 100%|██████████| 100/100 [05:31<00:00,  3.32s/sample]
2025-12-22 00:42:47,081 - absl - INFO - Using default tokenizer.
2025-12-22 00:42:48,795 - src.evaluate - INFO - original_student - Perplexity: 5.0445, F1: 0.3090, BLEU: 17.9457, ROUGE-L: 15.8134, Size: 1136.88MB
2025-12-22 00:42:48,838 - src.evaluate - INFO - Evaluating distilled_student: results
2025-12-22 00:42:49,186 - accelerate.utils.modeling - INFO - We will use 90% of the memory on device 0 for storing the model, and 10% for the buffer to avoid OOM. You can set `max_memory` in to a higher value to use more memory (at your own risk).
Some weights of the model checkpoint at results were not used when initializing Qwen3ForCausalLM: ['adaptation_layer.projections.0.bias', 'adaptation_layer.projections.0.weight', 'adaptation_layer.projections.1.bias', 'adaptation_layer.projections.1.weight', 'adaptation_layer.projections.10.bias', 'adaptation_layer.projections.10.weight', 'adaptation_layer.projections.11.bias', 'adaptation_layer.projections.11.weight', 'adaptation_layer.projections.12.bias', 'adaptation_layer.projections.12.weight', 'adaptation_layer.projections.13.bias', 'adaptation_layer.projections.13.weight', 'adaptation_layer.projections.14.bias', 'adaptation_layer.projections.14.weight', 'adaptation_layer.projections.15.bias', 'adaptation_layer.projections.15.weight', 'adaptation_layer.projections.16.bias', 'adaptation_layer.projections.16.weight', 'adaptation_layer.projections.17.bias', 'adaptation_layer.projections.17.weight', 'adaptation_layer.projections.18.bias', 'adaptation_layer.projections.18.weight', 'adaptation_layer.projections.19.bias', 'adaptation_layer.projections.19.weight', 'adaptation_layer.projections.2.bias', 'adaptation_layer.projections.2.weight', 'adaptation_layer.projections.20.bias', 'adaptation_layer.projections.20.weight', 'adaptation_layer.projections.21.bias', 'adaptation_layer.projections.21.weight', 'adaptation_layer.projections.22.bias', 'adaptation_layer.projections.22.weight', 'adaptation_layer.projections.23.bias', 'adaptation_layer.projections.23.weight', 'adaptation_layer.projections.24.bias', 'adaptation_layer.projections.24.weight', 'adaptation_layer.projections.25.bias', 'adaptation_layer.projections.25.weight', 'adaptation_layer.projections.26.bias', 'adaptation_layer.projections.26.weight', 'adaptation_layer.projections.27.bias', 'adaptation_layer.projections.27.weight', 'adaptation_layer.projections.3.bias', 'adaptation_layer.projections.3.weight', 'adaptation_layer.projections.4.bias', 'adaptation_layer.projections.4.weight', 'adaptation_layer.projections.5.bias', 'adaptation_layer.projections.5.weight', 'adaptation_layer.projections.6.bias', 'adaptation_layer.projections.6.weight', 'adaptation_layer.projections.7.bias', 'adaptation_layer.projections.7.weight', 'adaptation_layer.projections.8.bias', 'adaptation_layer.projections.8.weight', 'adaptation_layer.projections.9.bias', 'adaptation_layer.projections.9.weight']
- This IS expected if you are initializing Qwen3ForCausalLM from the checkpoint of a model trained on another task or with another architecture (e.g. initializing a BertForSequenceClassification model from a BertForPreTraining model).
- This IS NOT expected if you are initializing Qwen3ForCausalLM from the checkpoint of a model that you expect to be exactly identical (initializing a BertForSequenceClassification model from a BertForSequenceClassification model).
2025-12-22 00:42:49,534 - src.evaluate - INFO - Computing perplexity for distilled_student...

  0%|          | 0/100 [00:00<?, ?it/s]
  3%|▎         | 3/100 [00:00<00:03, 25.10it/s]
  6%|▌         | 6/100 [00:00<00:03, 25.82it/s]
  9%|▉         | 9/100 [00:00<00:03, 22.92it/s]
 12%|█▏        | 12/100 [00:00<00:03, 22.37it/s]
 15%|█▌        | 15/100 [00:00<00:03, 22.05it/s]
 18%|█▊        | 18/100 [00:00<00:04, 19.76it/s]
 21%|██        | 21/100 [00:00<00:03, 21.94it/s]
 24%|██▍       | 24/100 [00:01<00:03, 23.01it/s]
 27%|██▋       | 27/100 [00:01<00:03, 22.88it/s]
 30%|███       | 30/100 [00:01<00:02, 23.87it/s]
 33%|███▎      | 33/100 [00:01<00:03, 20.59it/s]
 36%|███▌      | 36/100 [00:01<00:03, 20.24it/s]
 39%|███▉      | 39/100 [00:01<00:02, 20.91it/s]
 42%|████▏     | 42/100 [00:01<00:02, 19.93it/s]
 45%|████▌     | 45/100 [00:02<00:02, 19.90it/s]
 48%|████▊     | 48/100 [00:02<00:02, 18.43it/s]
 50%|█████     | 50/100 [00:02<00:02, 17.69it/s]
 53%|█████▎    | 53/100 [00:02<00:02, 18.93it/s]
 55%|█████▌    | 55/100 [00:02<00:02, 18.11it/s]
 59%|█████▉    | 59/100 [00:02<00:01, 21.97it/s]
 62%|██████▏   | 62/100 [00:02<00:01, 23.40it/s]
 65%|██████▌   | 65/100 [00:03<00:01, 21.24it/s]
 68%|██████▊   | 68/100 [00:03<00:01, 21.33it/s]
 71%|███████   | 71/100 [00:03<00:01, 20.68it/s]
 74%|███████▍  | 74/100 [00:03<00:01, 19.91it/s]
 77%|███████▋  | 77/100 [00:03<00:01, 21.30it/s]
 80%|████████  | 80/100 [00:03<00:01, 18.16it/s]
 83%|████████▎ | 83/100 [00:04<00:00, 19.12it/s]
 86%|████████▌ | 86/100 [00:04<00:00, 19.99it/s]
 89%|████████▉ | 89/100 [00:04<00:00, 20.49it/s]
 92%|█████████▏| 92/100 [00:04<00:00, 21.06it/s]
 95%|█████████▌| 95/100 [00:04<00:00, 21.18it/s]
 98%|█████████▊| 98/100 [00:04<00:00, 22.53it/s]
100%|██████████| 100/100 [00:04<00:00, 20.92it/s]
2025-12-22 00:42:54,317 - src.evaluate - INFO - Generating predictions for distilled_student...

Generating predictions:   0%|          | 0/100 [00:00<?, ?sample/s]A decoder-only architecture is being used, but right-padding was detected! For correct generation results, please set `padding_side='left'` when initializing the tokenizer.

Generating predictions:   1%|          | 1/100 [00:14<24:12, 14.67s/sample]A decoder-only architecture is being used, but right-padding was detected! For correct generation results, please set `padding_side='left'` when initializing the tokenizer.

Generating predictions:   9%|▉         | 9/100 [00:40<06:20,  4.18s/sample]A decoder-only architecture is being used, but right-padding was detected! For correct generation results, please set `padding_side='left'` when initializing the tokenizer.

Generating predictions:  17%|█▋        | 17/100 [00:49<03:23,  2.45s/sample]A decoder-only architecture is being used, but right-padding was detected! For correct generation results, please set `padding_side='left'` when initializing the tokenizer.

Generating predictions:  25%|██▌       | 25/100 [01:12<03:16,  2.62s/sample]A decoder-only architecture is being used, but right-padding was detected! For correct generation results, please set `padding_side='left'` when initializing the tokenizer.

Generating predictions:  33%|███▎      | 33/100 [01:24<02:26,  2.19s/sample]A decoder-only architecture is being used, but right-padding was detected! For correct generation results, please set `padding_side='left'` when initializing the tokenizer.

Generating predictions:  41%|████      | 41/100 [01:37<01:57,  2.00s/sample]A decoder-only architecture is being used, but right-padding was detected! For correct generation results, please set `padding_side='left'` when initializing the tokenizer.

Generating predictions:  49%|████▉     | 49/100 [01:49<01:32,  1.82s/sample]A decoder-only architecture is being used, but right-padding was detected! For correct generation results, please set `padding_side='left'` when initializing the tokenizer.

Generating predictions:  57%|█████▋    | 57/100 [01:59<01:10,  1.64s/sample]A decoder-only architecture is being used, but right-padding was detected! For correct generation results, please set `padding_side='left'` when initializing the tokenizer.

Generating predictions:  65%|██████▌   | 65/100 [02:16<01:02,  1.78s/sample]A decoder-only architecture is being used, but right-padding was detected! For correct generation results, please set `padding_side='left'` when initializing the tokenizer.

Generating predictions:  73%|███████▎  | 73/100 [02:33<00:51,  1.89s/sample]A decoder-only architecture is being used, but right-padding was detected! For correct generation results, please set `padding_side='left'` when initializing the tokenizer.

Generating predictions:  81%|████████  | 81/100 [02:46<00:34,  1.80s/sample]A decoder-only architecture is being used, but right-padding was detected! For correct generation results, please set `padding_side='left'` when initializing the tokenizer.

Generating predictions:  89%|████████▉ | 89/100 [02:55<00:17,  1.60s/sample]A decoder-only architecture is being used, but right-padding was detected! For correct generation results, please set `padding_side='left'` when initializing the tokenizer.

Generating predictions:  97%|█████████▋| 97/100 [03:05<00:04,  1.49s/sample]
Generating predictions: 100%|██████████| 100/100 [03:05<00:00,  1.85s/sample]
2025-12-22 00:45:59,820 - absl - INFO - Using default tokenizer.
2025-12-22 00:46:00,895 - src.evaluate - INFO - distilled_student - Perplexity: 2.1800, F1: 0.3165, BLEU: 44.4845, ROUGE-L: 22.6064, Size: 1136.88MB
2025-12-22 00:46:00,936 - src.evaluate - INFO - Evaluation results saved to results/evaluation/evaluation_results_20251222_004600.json
2025-12-22 00:46:00,937 - src.evaluate - INFO - 
================================================================================
2025-12-22 00:46:00,937 - src.evaluate - INFO - EVALUATION SUMMARY
2025-12-22 00:46:00,937 - src.evaluate - INFO - ================================================================================
2025-12-22 00:46:00,937 - src.evaluate - INFO - Original Teacher Model:
2025-12-22 00:46:00,937 - src.evaluate - INFO -   - Perplexity: 5.9079
2025-12-22 00:46:00,937 - src.evaluate - INFO -   - F1 Score: 0.2646
2025-12-22 00:46:00,937 - src.evaluate - INFO -   - BLEU Score: 20.3997
2025-12-22 00:46:00,937 - src.evaluate - INFO -   - ROUGE-1: 32.5878
2025-12-22 00:46:00,937 - src.evaluate - INFO -   - ROUGE-2: 9.7057
2025-12-22 00:46:00,937 - src.evaluate - INFO -   - ROUGE-L: 14.0130
2025-12-22 00:46:00,937 - src.evaluate - INFO -   - Model Size: 3281.74MB
2025-12-22 00:46:00,937 - src.evaluate - INFO -   - Parameters: 1,720,574,976
2025-12-22 00:46:00,937 - src.evaluate - INFO - Teacher Model:
2025-12-22 00:46:00,937 - src.evaluate - INFO -   - Perplexity: 3.0423
2025-12-22 00:46:00,937 - src.evaluate - INFO -   - F1 Score: 0.2814
2025-12-22 00:46:00,937 - src.evaluate - INFO -   - BLEU Score: 37.2630
2025-12-22 00:46:00,937 - src.evaluate - INFO -   - ROUGE-1: 33.4256
2025-12-22 00:46:00,937 - src.evaluate - INFO -   - ROUGE-2: 8.4336
2025-12-22 00:46:00,937 - src.evaluate - INFO -   - ROUGE-L: 20.0534
2025-12-22 00:46:00,937 - src.evaluate - INFO -   - Model Size: 3281.74MB
2025-12-22 00:46:00,937 - src.evaluate - INFO -   - Parameters: 1,720,574,976
2025-12-22 00:46:00,937 - src.evaluate - INFO - Origin Teacher Model:
2025-12-22 00:46:00,937 - src.evaluate - INFO -   - Perplexity: 5.9079
2025-12-22 00:46:00,937 - src.evaluate - INFO -   - F1 Score: 0.2646
2025-12-22 00:46:00,937 - src.evaluate - INFO -   - BLEU Score: 20.3997
2025-12-22 00:46:00,937 - src.evaluate - INFO -   - ROUGE-1: 32.5878
2025-12-22 00:46:00,937 - src.evaluate - INFO -   - ROUGE-2: 9.7057
2025-12-22 00:46:00,937 - src.evaluate - INFO -   - ROUGE-L: 14.0130
2025-12-22 00:46:00,937 - src.evaluate - INFO -   - Model Size: 3281.74MB
2025-12-22 00:46:00,937 - src.evaluate - INFO -   - Parameters: 1,720,574,976
2025-12-22 00:46:00,937 - src.evaluate - INFO - Original Student Model:
2025-12-22 00:46:00,937 - src.evaluate - INFO -   - Perplexity: 5.0445
2025-12-22 00:46:00,937 - src.evaluate - INFO -   - F1 Score: 0.3090
2025-12-22 00:46:00,937 - src.evaluate - INFO -   - BLEU Score: 17.9457
2025-12-22 00:46:00,937 - src.evaluate - INFO -   - ROUGE-1: 36.4488
2025-12-22 00:46:00,937 - src.evaluate - INFO -   - ROUGE-2: 9.5761
2025-12-22 00:46:00,937 - src.evaluate - INFO -   - ROUGE-L: 15.8134
2025-12-22 00:46:00,937 - src.evaluate - INFO -   - Model Size: 1136.88MB
2025-12-22 00:46:00,937 - src.evaluate - INFO -   - Parameters: 596,049,920
2025-12-22 00:46:00,937 - src.evaluate - INFO - Distilled Student Model:
2025-12-22 00:46:00,937 - src.evaluate - INFO -   - Perplexity: 2.1800
2025-12-22 00:46:00,937 - src.evaluate - INFO -   - F1 Score: 0.3165
2025-12-22 00:46:00,937 - src.evaluate - INFO -   - BLEU Score: 44.4845
2025-12-22 00:46:00,937 - src.evaluate - INFO -   - ROUGE-1: 35.9846
2025-12-22 00:46:00,937 - src.evaluate - INFO -   - ROUGE-2: 10.1234
2025-12-22 00:46:00,937 - src.evaluate - INFO -   - ROUGE-L: 22.6064
2025-12-22 00:46:00,937 - src.evaluate - INFO -   - Model Size: 1136.88MB
2025-12-22 00:46:00,937 - src.evaluate - INFO -   - Parameters: 596,049,920
2025-12-22 00:46:00,937 - src.evaluate - INFO - ================================================================================
2025-12-22 00:46:00,981 - __main__ - INFO - Evaluation completed successfully!
2025-12-22 00:46:00,982 - __main__ - INFO - 
Generating sample outputs...
2025-12-22 00:46:00,982 - __main__ - INFO - Loading model from results
2025-12-22 00:46:01,304 - accelerate.utils.modeling - INFO - We will use 90% of the memory on device 0 for storing the model, and 10% for the buffer to avoid OOM. You can set `max_memory` in to a higher value to use more memory (at your own risk).
Some weights of the model checkpoint at results were not used when initializing Qwen3ForCausalLM: ['adaptation_layer.projections.0.bias', 'adaptation_layer.projections.0.weight', 'adaptation_layer.projections.1.bias', 'adaptation_layer.projections.1.weight', 'adaptation_layer.projections.10.bias', 'adaptation_layer.projections.10.weight', 'adaptation_layer.projections.11.bias', 'adaptation_layer.projections.11.weight', 'adaptation_layer.projections.12.bias', 'adaptation_layer.projections.12.weight', 'adaptation_layer.projections.13.bias', 'adaptation_layer.projections.13.weight', 'adaptation_layer.projections.14.bias', 'adaptation_layer.projections.14.weight', 'adaptation_layer.projections.15.bias', 'adaptation_layer.projections.15.weight', 'adaptation_layer.projections.16.bias', 'adaptation_layer.projections.16.weight', 'adaptation_layer.projections.17.bias', 'adaptation_layer.projections.17.weight', 'adaptation_layer.projections.18.bias', 'adaptation_layer.projections.18.weight', 'adaptation_layer.projections.19.bias', 'adaptation_layer.projections.19.weight', 'adaptation_layer.projections.2.bias', 'adaptation_layer.projections.2.weight', 'adaptation_layer.projections.20.bias', 'adaptation_layer.projections.20.weight', 'adaptation_layer.projections.21.bias', 'adaptation_layer.projections.21.weight', 'adaptation_layer.projections.22.bias', 'adaptation_layer.projections.22.weight', 'adaptation_layer.projections.23.bias', 'adaptation_layer.projections.23.weight', 'adaptation_layer.projections.24.bias', 'adaptation_layer.projections.24.weight', 'adaptation_layer.projections.25.bias', 'adaptation_layer.projections.25.weight', 'adaptation_layer.projections.26.bias', 'adaptation_layer.projections.26.weight', 'adaptation_layer.projections.27.bias', 'adaptation_layer.projections.27.weight', 'adaptation_layer.projections.3.bias', 'adaptation_layer.projections.3.weight', 'adaptation_layer.projections.4.bias', 'adaptation_layer.projections.4.weight', 'adaptation_layer.projections.5.bias', 'adaptation_layer.projections.5.weight', 'adaptation_layer.projections.6.bias', 'adaptation_layer.projections.6.weight', 'adaptation_layer.projections.7.bias', 'adaptation_layer.projections.7.weight', 'adaptation_layer.projections.8.bias', 'adaptation_layer.projections.8.weight', 'adaptation_layer.projections.9.bias', 'adaptation_layer.projections.9.weight']
- This IS expected if you are initializing Qwen3ForCausalLM from the checkpoint of a model trained on another task or with another architecture (e.g. initializing a BertForSequenceClassification model from a BertForPreTraining model).
- This IS NOT expected if you are initializing Qwen3ForCausalLM from the checkpoint of a model that you expect to be exactly identical (initializing a BertForSequenceClassification model from a BertForSequenceClassification model).
2025-12-22 00:46:01,687 - __main__ - INFO - Loading prompts from dataset...
2025-12-22 00:46:01,687 - src.data_processing - INFO - Loading test split from cache: ./dataset_cache/QuixiAI_leet10k-alpaca_test
2025-12-22 00:46:01,693 - __main__ - INFO - Loaded 3 prompts from dataset
2025-12-22 00:46:01,693 - __main__ - INFO - 
Generating 3 samples...

2025-12-22 00:46:01,693 - __main__ - INFO - ============================================================
2025-12-22 00:46:01,694 - __main__ - INFO - Sample 1:
2025-12-22 00:46:01,694 - __main__ - INFO - Question: Solve the following problem in java, and explain your solution.
LeetCode 2439: Minimize Maximum of Array
minimize-maximum-of-array
You are given a **0-indexed** array `nums` comprising of `n` non-negative integers.

In one operation, you must:

*   Choose an integer `i` such that `1 <= i < n` and `nums[i] > 0`.
*   Decrease `nums[i]` by 1.
*   Increase `nums[i - 1]` by 1.

Return _the **minimum** possible value of the **maximum** integer of_ `nums` _after performing **any** number of operations_.

**Example 1:**

**Input:** nums = \[3,7,1,6\]
**Output:** 5
**Explanation:**
One set of optimal operations is as follows:
1. Choose i = 1, and nums becomes \[4,6,1,6\].
2. Choose i = 3, and nums becomes \[4,6,2,5\].
3. Choose i = 1, and nums becomes \[5,5,2,5\].
The maximum integer of nums is 5. It can be shown that the maximum number cannot be less than 5.
Therefore, we return 5.

**Example 2:**

**Input:** nums = \[10,1\]
**Output:** 10
**Explanation:**
It is optimal to leave nums as is, and since 10 is the maximum value, we return 10.

**Constraints:**

*   `n == nums.length`
*   `2 <= n <= 105`
*   `0 <= nums[i] <= 109`
2025-12-22 00:46:04,975 - __main__ - INFO - Thinking: 
2025-12-22 00:46:04,975 - __main__ - INFO - Content: ```java
public int minMaxSum(int[] nums) {
    int maxVal = Arrays.stream(nums).max().getAsInt();
    for (int i = 1; i < nums.length; ++i)
        if (nums[i-1] + 1 >= maxVal) 
            maxVal -= nums[i];
    return maxVal;
}
```


Explanation:
We first find the largest element in our input array (`max_val`). Then, iterate through the remaining elements starting from index 1, decrementing each element by 1 until it's no longer greater or equal to `max_val`. Finally, after all iterations, return the updated `max_val`.

This approach ensures that we keep decreasing the largest elements while maintaining their relative values within the constraints. The time complexity of this algorithm is O(n), where n is the length of the input array.
2025-12-22 00:46:04,975 - __main__ - INFO - Sample 2:
2025-12-22 00:46:04,975 - __main__ - INFO - Question: Solve the following problem in javascript, and explain your solution.
LeetCode 1064: Fixed Point
fixed-point
Given an array of distinct integers `arr`, where `arr` is sorted in **ascending order**, return the smallest index `i` that satisfies `arr[i] == i`. If there is no such index, return `-1`.

**Example 1:**

**Input:** arr = \[-10,-5,0,3,7\]
**Output:** 3
**Explanation:** For the given array, `arr[0] = -10, arr[1] = -5, arr[2] = 0, arr[3] = 3`, thus the output is 3.

**Example 2:**

**Input:** arr = \[0,2,5,8,17\]
**Output:** 0
**Explanation:** `arr[0] = 0`, thus the output is 0.

**Example 3:**

**Input:** arr = \[-10,-5,3,4,7,9\]
**Output:** -1
**Explanation:** There is no such `i` that `arr[i] == i`, thus the output is -1.

**Constraints:**

*   `1 <= arr.length < 104`
*   `-109 <= arr[i] <= 109`

**Follow up:** The `O(n)` solution is very straightforward. Can we do better?
2025-12-22 00:46:11,436 - __main__ - INFO - Thinking: 
2025-12-22 00:46:11,436 - __main__ - INFO - Content: ```javascript
function findFixedPoint(arr) {
    let left = 0;
    let right = arr.length - 1;

    while (left < right) {
        const mid = Math.floor((left + right) / 2);
        if (arr[mid] === mid) {
            return mid;
        }
        if (arr[mid + 1] > mid + 1) {
            left = mid + 1;
        } else {
            right = mid;
        }
    }

    return -1;
}
```


Explanation:
The algorithm uses binary search to efficiently find the fixed point. We start with two pointers (`left` and `right`) at the beginning and end of the array respectively. In each iteration, we calculate the middle position using `(left + right)/2`. 

If the value at the middle position equals the middle index, it means we found our target index; we can immediately return this value since any smaller or equal indices would also satisfy the condition.

Otherwise, if the next element after the middle index is greater than its index plus one, then the target must be located on the right side of the current midpoint. Therefore, we update the `left` pointer to the midpoint plus one. Otherwise, if the next element is less than or equal to the index plus one, the target lies on the left side of the current midpoint, so we set the `right` pointer to the midpoint.

This process continues until `left` becomes equal to `right`. When they meet, it's guaranteed that there is only one possible target index satisfying the condition because all elements have unique values. Thus, we return the index as the result. If no valid index was found during the entire process, we return `-1`.
2025-12-22 00:46:11,436 - __main__ - INFO - Sample 3:
2025-12-22 00:46:11,436 - __main__ - INFO - Question: Solve the following problem in java, and explain your solution.
LeetCode 1307: Verbal Arithmetic Puzzle
verbal-arithmetic-puzzle
Given an equation, represented by `words` on the left side and the `result` on the right side.

You need to check if the equation is solvable under the following rules:

*   Each character is decoded as one digit (0 - 9).
*   No two characters can map to the same digit.
*   Each `words[i]` and `result` are decoded as one number **without** leading zeros.
*   Sum of numbers on the left side (`words`) will equal to the number on the right side (`result`).

Return `true` _if the equation is solvable, otherwise return_ `false`.

**Example 1:**

**Input:** words = \[ "SEND ", "MORE "\], result =  "MONEY "
**Output:** true
**Explanation:** Map 'S'-> 9, 'E'->5, 'N'->6, 'D'->7, 'M'->1, 'O'->0, 'R'->8, 'Y'->'2'
Such that:  "SEND " +  "MORE " =  "MONEY " ,  9567 + 1085 = 10652

**Example 2:**

**Input:** words = \[ "SIX ", "SEVEN ", "SEVEN "\], result =  "TWENTY "
**Output:** true
**Explanation:** Map 'S'-> 6, 'I'->5, 'X'->0, 'E'->8, 'V'->7, 'N'->2, 'T'->1, 'W'->'3', 'Y'->4
Such that:  "SIX " +  "SEVEN " +  "SEVEN " =  "TWENTY " ,  650 + 68782 + 68782 = 138214

**Example 3:**

**Input:** words = \[ "LEET ", "CODE "\], result =  "POINT "
**Output:** false
**Explanation:** There is no possible mapping to satisfy the equation, so we return false.
Note that two different characters cannot map to the same digit.

**Constraints:**

*   `2 <= words.length <= 5`
*   `1 <= words[i].length, result.length <= 7`
*   `words[i], result` contain only uppercase English letters.
*   The number of different characters used in the expression is at most `10`.
2025-12-22 00:46:19,030 - __main__ - INFO - Thinking: 
2025-12-22 00:46:19,030 - __main__ - INFO - Content: ```java
public boolean validEquation(String[] words, String result) {
    int n = words.length;
    StringBuilder wordSum = new StringBuilder();
    for(int i=0; i < n; ++i)
        wordSum.append(words[i]);
    
    int sumVal = Integer.parseInt(wordSum.toString());
    char[] targetDigits = {'0','1','2','3','4','5','6','7','8','9'};
    Set<Character> seenDigitSet = new HashSet<>();
    
    for(char c : result.toCharArray()) {
        while(c != '\0') {
            seenDigitSet.add(targetDigits[c - 'A']);
            break;
        }
    }

    for(int j = 0; j < 10 && !seenDigitSet.contains(targetDigits[j]); ++j) {
        seenDigitSet.remove(targetDigits[j]);
    }

    if(seenDigitSet.size() == 10) {
        return Math.abs(sumVal - Integer.parseInt(result)) % 10 == 0;
    } else {
        return false;
    }
}
```


Explanation:
The algorithm works as follows:

1. Initialize a variable called `sum_val`, which stores the value of all the numbers from each word in the input array.
2. Create an empty set named `target_digits_set`.
3. Iterate through every letter in the given `result` string and add it to the corresponding digits list. If there's any duplicate or non-digit character found, remove its occurrence from the `target_digit_set`.
4. Check whether the size of the `target_digits_set` equals 10 (meaning that all digits have been assigned). This means there is exactly one unique digit available among the 10 digits.
5. Compare the absolute difference between `sum_val` and the integer representation of the `result` string with zero modulo 10. If they match, then the equation holds; otherwise, it does not hold.
6. Return `True` when both conditions are satisfied, and `False` otherwise.
2025-12-22 00:46:19,030 - __main__ - INFO - ============================================================
2025-12-22 00:46:19,030 - __main__ - INFO - Sample generation completed!
